Id,Prediction
0,87.8372931459
1,89.1105660576
2,85.9549407603
3,92.724545939
4,87.417538452
5,92.0976519942
6,88.3705124897
7,86.5004388187
8,88.2216764197
9,87.2214165275
10,88.4475667137
11,90.3839853744
12,89.3156318539
13,91.3107653071
14,80.2801409863
15,87.6726513796
16,87.0537058332
17,88.7732647098
18,81.899827457
19,86.379897699
20,88.5655708754
21,91.912080132
22,84.1916445619
23,91.5798190991
24,86.1161211584
25,88.1100589025
26,93.7367259685
27,90.1918239369
28,90.0597714366
29,87.0126000728
30,82.2439462518
31,93.1008340778
32,84.9866136012
33,88.3936129389
34,87.589333148
35,87.5126689666
36,88.9719726791
37,88.0826140091
38,87.5830171103
39,88.509361487
40,87.6586531826
41,88.9513232378
42,91.942391377
43,85.7972049315
44,90.6980286071
45,84.6144064209
46,84.5488301481
47,88.1382526047
48,85.8071189499
49,91.3407565455
50,88.1055354574
51,88.9955575525
52,91.8355845998
53,86.7270144032
54,87.2837040744
55,90.263796877
56,86.425554966
57,87.8778599252
58,87.4266221166
59,87.8216218104
60,89.0451842202
61,89.2630889369
62,86.7521649457
63,89.208930903
64,90.4400857413
65,86.9546456183
66,89.527282177
67,85.6400735458
68,87.8280539463
69,90.306474437
70,84.7287047637
71,90.2367412547
72,88.1530203142
73,89.1451047312
74,87.8989762678
75,86.4231494365
76,92.1232298442
77,86.9475429758
78,89.4514769617
79,87.2400275963
80,88.0458337521
81,88.7136685088
82,83.7951450212
83,92.0072096708
84,85.57308291
85,93.0116955539
86,87.5805906481
87,88.5451532693
88,88.2354284945
89,86.9934741753
90,86.8870298152
91,89.307108888
92,87.2317415073
93,87.7576630335
94,86.7399934128
95,88.5995246418
96,92.1199705545
97,89.8441206885
98,92.0774453688
99,86.3111455909
100,88.4847923992
101,91.2948048354
102,88.7896373272
103,87.3629606828
104,87.875662062
105,88.2388516233
106,88.4794031552
107,90.5225120733
108,88.6351448381
109,89.4232508986
110,84.8752346587
111,94.2125070624
112,89.1515779832
113,88.042678664
114,88.7650321432
115,88.7709059724
116,89.6934258351
117,86.4129262383
118,88.4649648218
119,86.1787103131
120,85.2523164318
121,89.502307433
122,87.6110132123
123,92.5094248836
124,88.5049314462
125,85.6837547661
126,87.8080991009
127,87.0380955405
128,86.3959821478
129,89.5220701769
130,89.9669514205
131,89.8411282718
132,86.3523225024
133,88.1987137329
134,85.9538697201
135,85.8705153062
136,91.7469947583
137,90.1375364403
138,88.1040026585
139,88.6903422548
140,89.230789484
141,88.5724642448
142,90.7071655426
143,92.9414200985
144,87.175539399
145,92.1210609576
146,89.055911902
147,88.5570728627
148,91.5817366596
149,82.7318768163
150,86.9764856877
151,90.0773282104
152,90.2528279283
153,89.9664540206
154,88.2736883179
155,85.9615506312
156,87.7901713169
157,90.7486973474
158,85.7137099413
159,88.4414631738
160,84.0597651022
161,87.7495773217
162,91.2293076837
163,89.9816085358
164,89.3942739657
165,93.1973664054
166,92.4234973748
167,86.9132770561
168,86.3277771667
169,83.1799841446
170,90.1613655941
171,89.1192206507
172,89.152972977
173,90.3559364492
174,85.1360344863
175,82.0097742536
176,88.7897052026
177,88.2643962433
178,91.3669682817
179,86.1668938128
180,90.440270917
181,85.8283332015
182,84.1224586273
183,88.7021675244
184,85.5325331057
185,83.5797989349
186,84.8034554973
187,85.6248933767
188,86.6516687255
189,86.6156379636
190,89.9563817485
191,90.0551829388
192,86.6937224753
193,86.6236166215
194,93.0688414388
195,90.092452981
196,83.4712575031
197,92.1963453704
198,90.9412854245
199,89.1079536705
200,86.1607209852
201,87.7089503705
202,88.9022566689
203,88.5498487058
204,84.602531426
205,91.0100910069
206,89.611865797
207,86.1501727425
208,86.6102671847
209,88.2694706516
210,88.4706317087
211,88.92993095
212,90.0739004509
213,84.3439740519
214,85.0875889673
215,83.7551076684
216,88.8713176829
217,89.8204121787
218,88.824307318
219,91.5304713252
220,85.2988709003
221,85.9504244818
222,87.1416263487
223,90.0963833569
224,86.8360141052
225,88.8656721762
226,93.4512048151
227,87.6268714049
228,90.8951474867
229,84.5147372482
230,85.7280734337
231,88.7931594519
232,86.3657944275
233,86.7054215931
234,87.4866802675
235,79.7137131673
236,85.3333888612
237,87.2401945479
238,88.4130347052
239,86.8681118442
240,84.121873977
241,92.0726959311
242,91.6864738107
243,93.4785968296
244,90.1877043605
245,90.0919541316
246,88.4961708255
247,87.2376941685
248,88.97027338
249,83.4875453265
250,86.8001948008
251,85.3156264475
252,89.3351758979
253,87.4232876332
254,85.2940931737
255,87.6412411297
256,89.6458888222
257,90.4243692358
258,85.6964549995
259,86.6431224199
260,90.2760480983
261,89.6538618276
262,90.7607023689
263,85.0597821118
264,82.2377832994
265,92.9047384124
266,87.1795568137
267,86.9516753874
268,85.8289786631
269,91.4114919838
270,88.6870889642
271,91.8625324287
272,88.3245575343
273,88.5065423414
274,87.9206890401
275,87.676405044
276,91.5462790109
277,86.6652999809
278,84.3004556495
279,88.6331857503
280,88.2477246079
281,91.5020409247
282,90.8443567754
283,87.3299936754
284,89.6083219872
285,88.1567272138
286,83.040590214
287,89.7043395607
288,90.8067591151
289,86.3902217859
290,84.9285581333
291,88.5113096808
292,84.5000984072
293,87.8316965401
294,88.330026581
295,88.6729567175
296,88.6302309219
297,85.2943162251
298,87.7660294705
299,87.1547326843
300,84.277673298
301,90.6779026974
302,86.9501352481
303,90.3839403607
304,90.9324497423
305,84.3070741102
306,86.6210111442
307,88.0345949447
308,88.1422781016
309,85.6409633525
310,85.0006513375
311,89.9556762522
312,85.3471434268
313,88.7051871324
314,90.9055310945
315,86.0974791003
316,87.9960314242
317,85.0069954682
318,85.5577736049
319,91.547899193
320,88.7527173417
321,92.3270894367
322,91.0879749193
323,89.7324977278
324,89.985540031
325,88.4180313742
326,85.6497705906
327,86.9386160591
328,88.8686837183
329,87.4505176418
330,85.5820943706
331,88.416121495
332,87.8680731944
333,89.2063820675
334,89.0228678383
335,90.1648276612
336,95.4903672831
337,89.1631124006
338,89.5225468893
339,87.8335754954
340,85.2333576911
341,84.9995823133
342,90.0914956988
343,87.6833424067
344,88.1740898275
345,88.9158623891
346,87.2869392104
347,87.5974268928
348,88.5814834766
349,84.2930148958
350,85.8423461903
351,86.2215094104
352,87.7105032558
353,87.9113913949
354,85.587826113
355,86.8013688019
356,89.2381525937
357,87.3526806737
358,90.8881052279
359,85.8254543861
360,85.1841000403
361,84.7101980002
362,86.1841953654
363,88.3363407623
364,91.1169999926
365,86.0068621529
366,90.0293652768
367,87.6239757852
368,84.2248308226
369,90.2801812039
370,88.7281737037
371,83.202941182
372,85.9056202121
373,87.3325719429
374,85.2845964038
375,86.7021498315
376,85.4619499532
377,92.9070017101
378,92.118922051
379,90.6353940166
380,92.5264339412
381,85.018042504
382,87.7326152795
383,88.2287857331
384,88.1558459588
385,91.2802597636
386,85.6419835665
387,84.6228929361
388,92.3230805307
389,89.50150305
390,85.4590078557
391,88.2654034494
392,89.5514864835
393,91.5674024393
394,90.5451426012
395,89.4312355486
396,86.2406313875
397,85.0092322386
398,89.3081637768
399,86.9994304715
400,84.4589200425
401,87.2603289124
402,88.8126984564
403,92.9327790935
404,88.7412842119
405,86.828560404
406,88.7534147813
407,86.0590778575
408,83.1198659941
409,88.8168362962
410,87.0538935257
411,86.4983490187
412,89.102670408
413,86.907539456
414,86.1798428384
415,87.3625745254
416,87.0721822657
417,88.7402111119
418,88.4811131824
419,86.7526029683
420,89.3968075026
421,88.5233875959
422,88.5466695178
423,91.2019801206
424,88.8911578266
425,86.3263963711
426,90.6390530337
427,88.115394191
428,93.4085946634
429,87.10746163
430,86.9224224224
431,90.9526890684
432,87.9194591648
433,85.6754983385
434,81.5935118864
435,90.5218059443
436,88.2966015811
437,93.0188785818
438,86.1271388891
439,88.6641033419
440,87.8567587448
441,90.2686024667
442,90.4364647148
443,86.3682566023
444,88.4743746747
445,89.2190483953
446,89.2271748843
447,87.6253257993
448,83.5332120463
449,84.7001428868
450,84.1193130134
451,84.1166373041
452,83.2793912063
453,86.939015823
454,86.0635481639
455,88.7731318372
456,86.4794447649
457,91.4858228691
458,88.4055842256
459,87.8704213208
460,90.6689912364
461,90.2655390739
462,89.0431265313
463,87.5269046381
464,87.1465450848
465,89.2673950655
466,88.8515003319
467,87.7923291646
468,88.4026087237
469,91.0479390913
470,83.6708649864
471,93.5460867433
472,83.2695450675
473,88.6862746046
474,86.0405223395
475,88.6444668552
476,88.8118991194
477,90.9984148593
478,90.3911869586
479,89.8236477664
480,87.4705358785
481,87.6220958334
482,84.5296846543
483,88.1704743512
484,90.3742088322
485,87.0997080224
486,88.5244005411
487,86.7804064131
488,85.7030842764
489,91.1098009983
490,85.8729536406
491,87.1427681045
492,90.4492841135
493,85.6296271537
494,87.7491084273
495,86.6932250654
496,87.1115268413
497,88.7738627664
498,89.9447688825
499,89.5832422584
500,87.263977613
501,90.6005754977
502,83.6701824577
503,84.3633834668
504,90.8535005074
505,88.8186494672
506,90.2553311686
507,88.6653263805
508,86.2398488804
509,86.5761992804
510,83.6012554669
511,88.9678053527
512,85.6731300493
513,85.1259676359
514,89.9705571335
515,85.3329005534
516,88.7709571505
517,89.9745573572
518,89.1948539743
519,94.1593069359
520,89.6069276875
521,85.4848990618
522,85.7215557581
523,88.1656662284
524,92.1524293297
525,87.717825986
526,90.708347244
527,90.2580346112
528,88.3939486667
529,90.3972639477
530,89.7799850403
531,86.6514041464
532,88.9026807293
533,89.6529050103
534,93.5423589063
535,88.2554312004
536,86.699930676
537,89.4149740261
538,90.0532331133
539,91.0921241744
540,88.6330149815
541,83.6936153091
542,91.1494554725
543,91.6397552893
544,87.1852224528
545,89.0767216138
546,87.1884953108
547,86.6404131806
548,87.7911749196
549,86.9502448816
550,89.245822194
551,88.599464295
552,91.925996992
553,85.3288819349
554,86.1202454489
555,85.1210528185
556,87.7292233563
557,91.6245489828
558,88.5595276332
559,91.1619097824
560,86.2420201248
561,88.2308708611
562,89.4921646454
563,88.3389716734
564,90.9467041951
565,88.0085917488
566,86.4371122573
567,89.8101305764
568,93.8669413796
569,87.2666000853
570,91.0534019906
571,91.0348227109
572,84.0087861308
573,89.611382893
574,87.3630594923
575,87.3702661819
576,88.2773087094
577,85.2272181679
578,87.1795503971
579,88.4855839932
580,87.9483508695
581,88.9938366524
582,85.7842403992
583,87.8069834272
584,83.9725422819
585,86.1271694059
586,85.9767377098
587,84.5764901947
588,90.2261832332
589,91.5951437726
590,83.9860299863
591,87.744472986
592,89.1191028033
593,85.9193231647
594,86.476423513
595,91.7068478243
596,89.9471280609
597,84.7004213394
598,88.0968106164
599,86.2410329191
600,93.1643499779
601,90.9807515509
602,86.0669164732
603,87.819106378
604,86.1751986111
605,84.5865909491
606,88.9979720619
607,84.3653875777
608,87.9003328478
609,91.2629729987
610,90.0156438285
611,88.6957230588
612,82.9808174943
613,86.6870338425
614,85.70334353
615,91.6349141259
616,89.1764174202
617,87.7038059663
618,92.6780528945
619,90.0459634554
620,84.3581297226
621,89.5611896407
622,89.392065565
623,86.6766145103
624,89.0715225397
625,90.4737914304
626,87.321641095
627,86.8709278221
628,87.0226793498
629,86.8292675173
630,80.9470628157
631,84.2170518907
632,87.782624478
633,87.7893213105
634,90.2617073243
635,87.812608656
636,83.2857943294
637,86.8514129865
638,90.1457972063
639,86.3411504914
640,82.4446785837
641,90.513013863
642,93.1186250849
643,86.8283819506
644,88.1823540301
645,85.2892814868
646,85.067989534
647,88.8595123973
648,88.1594847061
649,89.7777373841
650,88.3490401616
651,88.2285266807
652,86.1479340083
653,88.2331450578
654,84.4199262285
655,85.8161338808
656,90.3799223425
657,85.8163010226
658,86.399934025
659,84.2859024573
660,91.3052947034
661,87.3705813642
662,87.8894272025
663,85.3314790206
664,89.5145525601
665,83.472287277
666,88.4880561388
667,88.6136770258
668,87.9889346499
669,88.3953918573
670,88.8549748903
671,88.0606376073
672,90.8090658521
673,88.9356343112
674,83.218633609
675,88.6311227991
676,87.8670852843
677,89.5897648177
678,91.1915706192
679,93.2073194318
680,83.3520540188
681,86.6906280609
682,91.5910482892
683,85.7534037705
684,85.7944554738
685,83.9684571302
686,90.6169201625
687,87.9477076248
688,86.7625829613
689,86.6228639694
690,89.3204940851
691,87.9980743708
692,89.8028320374
693,86.9645934933
694,93.8008640735
695,88.5338592127
696,87.4654825263
697,84.1104317934
698,84.3455930948
699,88.779924599
700,88.038910581
701,88.7443764246
702,88.1662244689
703,90.4935264715
704,89.3195684916
705,92.2802564083
706,88.7494647851
707,86.3562063054
708,87.8209583899
709,86.4320894252
710,89.2843093322
711,88.9321192973
712,91.9152580054
713,84.7070646792
714,88.9925635475
715,84.4407896224
716,87.2888111887
717,89.7778621225
718,88.2284282491
719,87.213781564
720,89.7945112166
721,92.3509193593
722,89.6215742802
723,92.6457971553
724,88.3015663901
725,90.6632144981
726,88.0391873638
727,84.2802619825
728,88.5118140095
729,90.1286841234
730,88.9979610122
731,85.7544645625
732,88.454271225
733,90.5146552101
734,85.3708047768
735,93.0323800519
736,87.6388147938
737,87.1176062032
738,86.4871356198
739,90.7315690945
740,89.0927773621
741,87.1521643185
742,86.3447111995
743,87.2537497584
744,89.3518725741
745,90.0080303668
746,87.3237998553
747,88.2541158916
748,83.5603049969
749,93.4081270381
750,91.1886035447
751,85.8369855243
752,91.6384323531
753,88.023916859
754,86.1354124058
755,89.2579447655
756,87.299887206
757,89.9833217098
758,86.83047382
759,87.3472290876
760,89.8118020109
761,89.2529475291
762,89.6700686046
763,86.1070512867
764,89.4642173151
765,90.8340096814
766,85.5643694966
767,88.571986178
768,87.5532137637
769,89.8985884146
770,86.6164569224
771,88.338465226
772,92.3222934433
773,88.8256737891
774,86.0992030355
775,84.9736552872
776,88.4536820093
777,88.3730856205
778,85.2554862741
779,86.8635754203
780,86.7206860837
781,84.6080561892
782,86.8116512073
783,91.2768382522
784,89.2646161677
785,88.6242022741
786,88.7074918948
787,85.9288422871
788,92.3341342451
789,89.9097704244
790,89.6968780714
791,91.6601456647
792,88.5375036431
793,89.4457709282
794,81.1913601487
795,89.6981571235
796,86.8562481113
797,92.0699962049
798,84.1010472394
799,86.1630313047
800,88.0934039174
801,89.4227382358
802,85.5196818178
803,94.3350613657
804,86.8203788049
805,90.9792246319
806,85.7082085776
807,91.2001130109
808,88.1499710414
809,87.1303802529
810,91.9119073681
811,90.9464967645
812,94.7914986289
813,86.0668837975
814,88.2661023101
815,86.7766197787
816,89.2043051862
817,87.718998288
818,89.6606637849
819,87.9408350812
820,90.8128028111
821,84.405651785
822,87.4601092446
823,93.5574422133
824,90.9789840542
825,84.6710176575
826,92.1577194831
827,87.236504933
828,88.6567184616
829,89.5501584457
830,85.892334589
831,87.9988292014
832,82.5079346616
833,89.3595259525
834,90.6954713307
835,85.0544530492
836,85.2950973152
837,86.1945050107
838,86.1576862614
839,88.7975244513
840,91.5432831046
841,90.8400254643
842,91.6099953392
843,86.2698574695
844,88.2975035868
845,91.9997383604
846,88.3076043851
847,88.4130555101
848,90.914728684
849,88.8991032258
850,85.9672777186
851,86.838310348
852,85.3304539283
853,86.1675124268
854,88.8761761223
855,88.8512725939
856,87.9977434274
857,86.121010808
858,87.9839095062
859,85.8900093588
860,93.3376737917
861,83.2862892258
862,89.2270367822
863,88.784633629
864,87.953246445
865,82.4574775748
866,89.6783910988
867,89.0668402633
868,86.2372138336
869,89.8771936811
870,82.4991941439
871,91.156485561
872,86.996159756
873,86.4626195914
874,88.6614394671
875,89.0742295398
876,87.2609538202
877,86.6867349674
878,84.4221052996
879,87.3361742316
880,91.2617907672
881,90.1251863869
882,87.7852546573
883,89.8858629488
884,86.9950516345
885,90.8978829669
886,86.6544994328
887,85.0897354349
888,88.3615755897
889,91.0172350426
890,88.0700583199
891,89.2942395901
892,85.071309518
893,85.8575064689
894,81.9709123433
895,87.8864645556
896,89.1432253053
897,87.9284600024
898,83.6334594283
899,83.7491379738
900,89.4103121559
901,85.1618777264
902,88.4923928116
903,87.0862969539
904,91.7449155642
905,88.3741633922
906,86.3669418562
907,90.5608448531
908,84.9319607903
909,89.1370097916
910,89.0035107942
911,88.0106743177
912,87.9471698604
913,88.3415236443
914,91.449004379
915,82.8283076683
916,90.7229342435
917,88.7681010755
918,86.3970119279
919,84.0677240125
920,88.8374484757
921,86.5679171874
922,86.8192016089
923,88.8532888091
924,85.6737101542
925,92.293467919
926,89.5881731877
927,88.9533974201
928,89.9481591614
929,89.1201106922
930,89.2308627447
931,86.9157692711
932,87.6831994532
933,86.7319877425
934,88.5510517884
935,89.4097237006
936,90.0435385649
937,84.9932138017
938,93.191882688
939,86.7159171498
940,86.4131908038
941,85.8965505109
942,88.1666617389
943,91.8920667062
944,90.2191113707
945,88.7859739603
946,88.4165602441
947,86.1951084878
948,88.1672071433
949,86.6180379563
950,85.2449137335
951,83.7743907418
952,88.9272378413
953,85.5293845807
954,89.1209827549
955,87.634188922
956,88.6785362481
957,85.7609716821
958,85.4771836412
959,85.6807350437
960,89.6725394896
961,81.6615831375
962,84.1142196167
963,86.1359986687
964,91.5233891459
965,80.3774954425
966,83.8564265918
967,91.104750729
968,84.2058614294
969,87.6461946474
970,88.3928891262
971,86.4795217176
972,85.0347536855
973,89.7703316726
974,93.7332742713
975,87.2353361405
976,83.4342774086
977,88.8868119869
978,90.8134613023
979,82.4506111526
980,88.1330382444
981,92.1141845396
982,86.2461776134
983,85.9184474592
984,86.7334447218
985,87.487990496
986,83.688316968
987,87.1960878615
988,88.3272702299
989,85.4937738133
990,89.9512606199
991,93.6609906028
992,84.9853558941
993,92.3559656342
994,87.2924901024
995,87.8386886725
996,88.4018491978
997,83.4078859036
998,83.9980494387
999,86.9979951613
1000,89.9424794166
1001,85.6777285637
1002,90.4452662177
1003,87.9235721888
1004,91.6785607811
1005,88.2581315006
1006,91.0649497327
1007,89.2678644112
1008,86.0790692701
1009,89.0999251239
1010,88.9635853195
1011,88.6890983521
1012,88.8755408668
1013,86.3954894639
1014,87.1116901212
1015,90.4563732104
1016,90.552379828
1017,87.590041409
1018,81.0944852519
1019,87.0107547451
1020,90.4635804821
1021,89.082540546
1022,90.9601283589
1023,86.774445757
1024,87.9478992495
1025,84.9790847302
1026,90.6187596999
1027,87.4020082164
1028,82.4269019697
1029,90.854660644
1030,86.8819726063
1031,88.3352195683
1032,89.7513055285
1033,91.4562474526
1034,86.3909081694
1035,88.7579857249
1036,83.7382129448
1037,89.2693619351
1038,90.1199947584
1039,88.5959981439
1040,88.3490769784
1041,90.8739987206
1042,86.5529551033
1043,87.2751672128
1044,91.6407605238
1045,92.4070119622
1046,87.3516166085
1047,89.033994038
1048,86.0057931958
1049,82.0546328955
1050,87.432451088
1051,92.5092874686
1052,82.4460363705
1053,85.2896443187
1054,87.5609620184
1055,90.6283912405
1056,87.4478290261
1057,88.8124088746
1058,88.4216027262
1059,87.7900620171
1060,92.2842762379
1061,85.4927857271
1062,90.7466589848
1063,85.7022560866
1064,86.3483533234
1065,89.6671124515
1066,82.628899026
1067,88.6791504527
1068,86.6321279002
1069,89.6139323777
1070,86.5761740967
1071,82.7616314955
1072,93.6971785868
1073,90.2720047802
1074,93.0405293663
1075,89.0116390722
1076,91.8018566504
1077,87.672755552
1078,87.2461365529
1079,82.8839142582
1080,82.9777507306
1081,89.6431794224
1082,89.4512372609
1083,89.8680630118
1084,86.3139909755
1085,85.1767402682
1086,89.7956707771
1087,93.7431781351
1088,89.1161670085
1089,87.2701307247
1090,91.2402383752
1091,88.1174580595
1092,84.2116093856
1093,89.4672070807
1094,92.5534689764
1095,92.7476343685
1096,92.1155470494
1097,87.2575631184
1098,88.5399743259
1099,81.8970686126
1100,88.6629057234
1101,82.6231207593
1102,92.6466737508
1103,85.8745883291
1104,85.2534696812
1105,86.8814121093
1106,89.2784338801
1107,82.6854609573
1108,81.7276505703
1109,89.2156538301
1110,84.6456417483
1111,86.5492421218
1112,87.0660239094
1113,86.9778406894
1114,88.6267796063
1115,84.193682918
1116,88.7749372343
1117,83.842050633
1118,87.5826675193
1119,88.5486393403
1120,91.6468202847
1121,89.8671754349
1122,86.2512246484
1123,84.3383067087
1124,86.9137980074
1125,89.0510496646
1126,89.2872032613
1127,81.9613119454
1128,89.4589516656
1129,86.4814774269
1130,88.1766453843
1131,92.0306123656
1132,86.6743019452
1133,90.0153482566
1134,88.6542906387
1135,81.2668420422
1136,84.8604631931
1137,89.4860870807
1138,87.8526042811
1139,84.5346061388
1140,88.2086316229
1141,84.0935307498
1142,91.6465668826
1143,89.0106528719
1144,89.5202766125
1145,86.7273560386
1146,83.5352542071
1147,85.6173251356
1148,88.3691473704
1149,89.1342157927
1150,85.5159207393
1151,88.2845462508
1152,87.1263178795
1153,87.6222706177
1154,89.5948149991
1155,89.5698783042
1156,88.5165801557
1157,89.4412950359
1158,89.417191797
1159,88.5056879463
1160,88.3515673781
1161,91.1760561134
1162,88.0096053877
1163,82.8936845383
1164,91.3650597177
1165,85.7694313703
1166,89.6046689259
1167,87.9022077874
1168,87.3290781421
1169,92.4985357483
1170,86.853403971
1171,88.8683446138
1172,90.2835085802
1173,88.0069153037
1174,87.9181757449
1175,90.279182382
1176,86.3382512229
1177,82.6993958984
1178,90.4377469507
1179,85.3611239549
1180,89.4097607297
1181,89.9629295018
1182,90.4289700687
1183,87.8519047423
1184,85.1701410212
1185,88.9423822979
1186,91.07671606
1187,86.14115069
1188,86.58528273
1189,87.0415078651
1190,87.6286455979
1191,83.1004072519
1192,84.7083939686
1193,89.7462463535
1194,86.9908849321
1195,85.0528924762
1196,85.1036370832
1197,85.988035823
1198,86.0262823232
1199,85.2337061283
1200,85.8349654307
1201,83.108571092
1202,88.8829262744
1203,85.7565851308
1204,84.6493296484
1205,89.8612873303
1206,86.018263289
1207,90.5249965794
1208,82.4227154921
1209,86.7819947399
1210,94.9986091973
1211,87.7158127318
1212,85.7994765099
1213,87.3554246381
1214,86.5227986563
1215,92.5608073282
1216,87.8201249615
1217,87.6415447853
1218,90.417391546
1219,84.844427148
1220,85.2511996305
1221,92.8719593491
1222,87.9268429785
1223,87.2955131865
1224,89.6693903182
1225,88.6928707835
1226,89.3702315659
1227,87.9248482708
1228,89.6081489065
1229,87.3838376386
1230,91.9250133958
1231,85.5506860414
1232,91.3176111268
1233,88.6645541087
1234,91.1051728004
1235,85.6919601459
1236,87.8588763839
1237,85.787597737
1238,86.4307141804
1239,87.0627098552
1240,89.7154998806
1241,85.7430047867
1242,89.286232513
1243,91.7559474407
1244,90.2947886142
1245,89.9269426284
1246,87.468071206
1247,90.6426509332
1248,89.2304532712
1249,85.868811544
1250,89.0847885639
1251,85.2854859128
1252,90.3175296912
1253,89.8897343989
1254,85.5658509896
1255,93.0877640962
1256,90.985667047
1257,85.8033541951
1258,83.4323737519
1259,90.8643563391
1260,85.119334749
1261,84.4296542678
1262,87.2725505817
1263,92.2601749517
1264,88.9253307122
1265,87.8469127878
1266,87.9383834352
1267,82.3612236922
1268,90.1184220902
1269,91.760509601
1270,89.891660082
1271,90.7219132849
1272,88.5461424274
1273,84.1272222136
1274,89.0512810328
1275,87.6833024769
1276,91.1248705359
1277,81.2501686875
1278,88.7282409062
1279,88.4077879718
1280,88.2564033961
1281,87.7963912933
1282,88.148005974
1283,87.8903857812
1284,88.9617922857
1285,84.2634699856
1286,86.319972138
1287,89.7035872928
1288,88.1254702569
1289,91.6112580146
1290,82.8963424673
1291,90.6891223265
1292,86.9563523269
1293,90.9110024898
1294,87.4593732101
1295,87.7310447442
1296,85.2340272357
1297,88.6496006792
1298,91.174515077
1299,84.4921620069
1300,88.3000870051
1301,88.9898632338
1302,87.8072194571
1303,90.2395909119
1304,87.1129166256
1305,90.1520792419
1306,88.4014673934
1307,86.4211205081
1308,88.4403809625
1309,86.5006434782
1310,85.389726576
1311,88.9007644819
1312,89.5971851585
1313,86.834475278
1314,85.2180620259
1315,85.6873292524
1316,85.8219608775
1317,87.9263410056
1318,91.0956454927
1319,91.3636059154
1320,88.8083946388
1321,92.5419586356
1322,85.7767030707
1323,91.4617844662
1324,85.2413243506
1325,87.9492424839
1326,89.5789083214
1327,89.0612934218
1328,87.7904189404
1329,88.9763968067
1330,87.9121296847
1331,87.2303625321
1332,90.1475263132
1333,87.5343461849
1334,88.8918576418
1335,86.7620925448
1336,86.0867863452
1337,90.950916842
1338,83.7792760961
1339,91.3240818536
1340,86.9458359549
1341,85.9322970162
1342,90.8706141032
1343,92.0810520204
1344,85.0609468533
1345,86.8855423085
1346,87.4617998385
1347,90.4071518972
1348,87.5722206201
1349,90.433979844
1350,89.8360328795
1351,87.4901507462
1352,91.192635841
1353,87.6868997048
1354,88.3316005286
1355,88.5518113455
1356,86.0655853163
1357,85.1995895612
1358,92.6391832361
1359,89.7960282733
1360,88.6540422629
1361,94.0710574555
1362,86.4167892394
1363,90.8681740683
1364,86.0529989094
1365,83.4791874523
1366,90.6162331723
1367,89.1919341326
1368,86.0972525772
1369,92.485801919
1370,89.6047935909
1371,85.5992258252
1372,85.2438003735
1373,85.4289939048
1374,88.8456987086
1375,90.4748976909
1376,87.0066922504
1377,87.3011231252
1378,89.4529073141
1379,91.6734193257
1380,85.9744738101
1381,91.6001916528
1382,86.213033221
1383,85.7827694646
1384,90.2359796036
1385,88.8037893318
1386,83.924859232
1387,88.6084247071
1388,89.4458411617
1389,85.6854738083
1390,88.7120653696
1391,89.6364040309
1392,89.0513146657
1393,87.1252288257
1394,90.6683356665
1395,89.2317853349
1396,86.5974724514
1397,88.2901912544
1398,85.9988096811
1399,88.3607032375
1400,89.8485349605
1401,84.9214586864
1402,90.945885247
1403,91.9772604116
1404,90.2608673648
1405,88.5177812866
1406,90.9857028805
1407,89.5117770428
1408,85.054201482
1409,82.9567995973
1410,91.4362553026
1411,89.6777124064
1412,87.1130334934
1413,85.9067506955
1414,91.9866388851
1415,92.9589424871
1416,89.3189995661
1417,88.3945863534
1418,87.6651637872
1419,87.1166859576
1420,89.2229125204
1421,85.9899957528
1422,90.606664273
1423,86.5829023981
1424,88.4700193628
1425,85.9111048552
1426,89.0605168032
1427,88.7981765545
1428,87.0931522606
1429,89.8503885675
1430,91.4765011285
1431,84.9213866363
1432,87.1034230768
1433,86.9749342823
1434,85.5351574628
1435,87.9494399566
1436,89.9621181761
1437,91.8337194197
1438,91.3269217902
1439,90.8497574716
1440,91.2373843553
1441,88.7781149989
1442,86.9440919843
1443,93.2053850275
1444,89.5557982704
1445,88.4489349741
1446,90.7002108599
1447,85.3515101583
1448,87.1670067035
1449,84.2477859136
1450,87.5114253685
1451,87.7138390572
1452,89.2095169387
1453,90.7415913637
1454,87.5201957065
1455,85.2396622636
1456,87.9498025933
1457,91.0671209075
1458,85.3194790946
1459,92.0594371526
1460,86.4630807776
1461,86.3470827424
1462,89.4283226441
1463,87.6634961869
1464,88.7815913596
1465,89.7755737175
1466,84.383042712
1467,82.8149110824
1468,86.1501117327
1469,90.4704013498
1470,87.1096906905
1471,89.8077059757
1472,93.416483715
1473,92.9049351074
1474,85.8001340054
1475,86.5229808013
1476,88.5975231656
1477,84.631170968
1478,89.3714052955
1479,89.015846628
1480,88.8657323649
1481,92.7302395867
1482,86.835417303
1483,88.8173612161
1484,84.0850330612
1485,88.0909453934
1486,90.9978094791
1487,90.7163585673
1488,94.1762574542
1489,93.2494455888
1490,87.0630065931
1491,88.9374660284
1492,88.4516026476
1493,87.8532431039
1494,86.3285396489
1495,93.8930996533
1496,87.8557538105
1497,86.0300535793
1498,86.3295051059
1499,83.8490911496
1500,87.5588882354
1501,84.875657619
1502,87.9394182093
1503,85.5421536666
1504,86.4299406449
1505,88.342423551
1506,88.1324756478
1507,88.7106509387
1508,94.6841035541
1509,88.855404728
1510,84.9336973403
1511,86.7221829028
1512,87.4228143901
1513,87.8642711818
1514,88.9953456168
1515,83.7615821157
1516,90.3166490303
1517,90.6204482068
1518,89.515663743
1519,84.4473408153
1520,89.5411372908
1521,89.1362111599
1522,87.8292022016
1523,91.3491451643
1524,91.7172118349
1525,82.3183665427
1526,85.7128835464
1527,85.5304596999
1528,90.2937188356
1529,87.9818733675
1530,87.4546043011
1531,87.0687662453
1532,91.0013193415
1533,88.1479325187
1534,88.5767869567
1535,89.481972538
1536,90.6790484986
1537,91.6858958352
1538,91.1689969121
1539,87.8872668431
1540,88.7191318647
1541,89.0299037096
1542,86.2934891165
1543,88.4729075067
1544,85.8911130315
1545,92.8476823572
1546,87.8852068195
1547,90.7504175033
1548,88.7032259722
1549,89.4792204381
1550,86.8589251827
1551,87.2383303297
1552,91.8669512383
1553,84.0109273386
1554,86.3552145145
1555,89.8211935148
1556,88.1068872678
1557,91.5346675847
1558,84.6780262997
1559,84.1730069595
1560,85.062407778
1561,88.4299078604
1562,91.3829426557
1563,88.4831753443
1564,89.8415470988
1565,86.3443233252
1566,90.2296279645
1567,86.9975958591
1568,86.9483608295
1569,92.6942375977
1570,84.7262943355
1571,91.3141407775
1572,85.5209415508
1573,86.9999547508
1574,84.3894979707
1575,92.2353645855
1576,88.1470172893
1577,88.8497486836
1578,85.2609803086
1579,86.6129230953
1580,86.6974892348
1581,85.5656631018
1582,92.6298290882
1583,84.953119959
1584,86.9184092516
1585,89.1629429
1586,85.7221011063
1587,92.9114770042
1588,90.2742966474
1589,92.3825232557
1590,86.3927489412
1591,87.0130037324
1592,81.227610665
1593,85.3261375281
1594,89.7604647949
1595,88.4214517713
1596,87.9664368386
1597,90.4563081468
1598,88.3308515465
1599,82.9683982679
1600,85.9701915024
1601,85.8436176729
1602,89.6173077329
1603,90.5611251624
1604,87.2244033029
1605,89.9213660918
1606,88.949310634
1607,87.6980948865
1608,89.1218148742
1609,86.2731857423
1610,88.0864842861
1611,87.1604734013
1612,88.0466558785
1613,87.2839898531
1614,90.8922714976
1615,89.1401262475
1616,88.5234046895
1617,89.8843757028
1618,89.2224724184
1619,89.9898579051
1620,87.0188067649
1621,87.5990199305
1622,88.5430407681
1623,84.4403239458
1624,87.6317490611
1625,81.370102603
1626,88.2046800783
1627,86.6209223234
1628,87.3724230025
1629,87.1094122981
1630,88.2680692914
1631,83.2279982506
1632,83.6150006825
1633,85.7118518355
1634,87.7369939896
1635,85.6074824285
1636,87.549339739
1637,91.4761570644
1638,89.9931765994
1639,87.0699368345
1640,87.5449378016
1641,86.2716868626
1642,82.8479174291
1643,85.5721168714
1644,84.5497647238
1645,90.8664851806
1646,88.4084346725
1647,87.6170605072
1648,80.0107845652
1649,90.6398611432
1650,89.730683162
1651,92.6021924405
1652,86.2417414876
1653,89.2684615865
1654,87.8914415944
1655,84.4877300811
1656,90.4745185139
1657,86.5419544709
1658,83.1069835134
1659,90.0149322356
1660,86.3096690779
1661,86.054372818
1662,90.4320869158
1663,81.0886117658
1664,89.4636176385
1665,87.6238947338
1666,84.8448327369
1667,89.5869077567
1668,86.4749052395
1669,89.4679064536
1670,86.5765353415
1671,89.0086849377
1672,86.7293396663
1673,87.9767221988
1674,88.0355387972
1675,87.9565170948
1676,82.2767502716
1677,88.6660790678
1678,87.1583321989
1679,85.6354965796
1680,83.7545862694
1681,90.9410675471
1682,84.4671954192
1683,89.5695659244
1684,86.894183854
1685,86.2133102329
1686,92.7765954556
1687,90.816478159
1688,87.7783359958
1689,91.6255996873
1690,87.6069253426
1691,85.5464366341
1692,88.0789212138
1693,88.318609246
1694,82.629137843
1695,88.2989942209
1696,88.6011310505
1697,86.8457039107
1698,91.7287842683
1699,87.9557963458
1700,83.8817197283
1701,87.2296109864
1702,85.1510610165
1703,85.2132356285
1704,84.5076359283
1705,88.3256074494
1706,89.3550523366
1707,91.4157268093
1708,87.5757621962
1709,89.4399562992
1710,86.0925756335
1711,86.9731186032
1712,87.4863285052
1713,84.1870348301
1714,86.2346962193
1715,91.1479655474
1716,81.4542861271
1717,87.9468520169
1718,86.3360290908
1719,86.616615316
1720,89.4138294506
1721,88.5591885922
1722,86.5661476886
1723,87.0123574594
1724,84.2894557729
1725,90.971229113
1726,93.8684215885
1727,89.3438210524
1728,93.0166359404
1729,86.4289338934
1730,84.5691643592
1731,88.3755513743
1732,86.8290229832
1733,87.2440175661
1734,87.6361148236
1735,88.5870207601
1736,86.2865414914
1737,88.7426103325
1738,86.8012937941
1739,90.6917557036
1740,86.2296557752
1741,87.4668022377
1742,85.0785838119
1743,87.0853847793
1744,90.3963159391
1745,87.0102156765
1746,86.970792291
1747,84.3764003023
1748,82.8817790247
1749,89.2733751606
1750,89.1713836772
1751,94.2257839952
1752,86.6605865833
1753,90.692955608
1754,87.7456534965
1755,82.7267169122
1756,86.3324658609
1757,89.2877321092
1758,85.3099006951
1759,86.5832885724
1760,90.551001603
1761,85.3916336324
1762,90.4280275036
1763,86.58120348
1764,88.2366267535
1765,85.326525531
1766,88.7574663301
1767,89.7015493144
1768,87.4435106715
1769,85.4867331967
1770,86.2210434151
1771,85.424943214
1772,88.430282384
1773,84.822622502
1774,88.6085998319
1775,84.868563363
1776,90.5986104472
1777,88.723542903
1778,87.4450122251
1779,88.3136743021
1780,86.7172358992
1781,87.040171092
1782,87.2119133026
1783,83.8336099626
1784,83.593067562
1785,89.1075624751
1786,87.8047495479
1787,88.3109558022
1788,86.5958970262
1789,86.8745758339
1790,92.3834129209
1791,86.8553050795
1792,86.4426809073
1793,85.3569348483
1794,90.3854165483
1795,88.9259777079
1796,88.9506632316
1797,90.8088864272
1798,87.5569760929
1799,87.6506087156
1800,88.7683645774
1801,87.4124038324
1802,91.7587238666
1803,90.496049751
1804,84.4681067977
1805,86.9315972471
1806,84.5490562835
1807,92.4599181105
1808,81.7773712957
1809,84.9771356969
1810,86.7339548011
1811,86.0877523934
1812,89.8642802381
1813,87.6956965775
1814,84.1322137344
1815,88.1072901442
1816,84.9199868943
1817,87.0626277464
1818,89.9075467916
1819,87.0525689536
1820,89.6168653726
1821,87.4851814735
1822,91.8535623997
1823,91.2970795627
1824,89.1849008453
1825,84.3810955657
1826,83.8173040959
1827,89.7930552221
1828,85.9327554713
1829,88.0940873395
1830,89.1860836966
1831,89.655728348
1832,88.5324026312
1833,89.9698555743
1834,87.4590134817
1835,90.9580750265
1836,88.9902009399
1837,87.6725377692
1838,86.5704495278
1839,87.2690325031
1840,91.4164119134
1841,86.9839309771
1842,91.5459958682
1843,87.9220928551
1844,88.3368535317
1845,83.1311568205
1846,89.3116816111
1847,87.0380265312
1848,85.0680812844
1849,90.6516671525
1850,87.4530827442
1851,85.3400067203
1852,88.7898226559
1853,87.4231708777
1854,88.2293639305
1855,86.100742088
1856,89.701025008
1857,85.3989827667
1858,85.7951661987
1859,90.6588669606
1860,85.8173722325
1861,84.9104472271
1862,84.4085073104
1863,90.3613892395
1864,89.3830949053
1865,84.3080206713
1866,90.3776124741
1867,83.8414095498
1868,89.6017047972
1869,86.7673879073
1870,87.7335939494
1871,87.1497404606
1872,91.5233744095
1873,88.8871981571
1874,89.687188784
1875,87.828124844
1876,84.0549514693
1877,86.4418628972
1878,86.7316917805
1879,87.3341393038
1880,86.6015611299
1881,91.1103759136
1882,86.5947186686
1883,89.2554178238
1884,88.0372578752
1885,91.314303598
1886,85.0451423442
1887,89.4233618973
1888,87.6503697283
1889,88.6344200321
1890,84.7379982199
1891,88.1194272829
1892,91.4187398866
1893,91.2342063876
1894,90.1730667519
1895,83.7794938732
1896,90.1491999133
1897,90.083715457
1898,87.7546146762
1899,88.941578834
1900,92.4251808339
1901,88.0558168589
1902,90.0857351038
1903,91.5824686271
1904,90.8861532485
1905,86.811245144
1906,88.182085497
1907,87.8351068168
1908,89.2285144238
1909,86.8324349723
1910,89.8222461084
1911,89.0078941754
1912,86.6352245206
1913,88.3202360366
1914,86.7309395628
1915,88.4061567491
1916,83.4573394063
1917,88.8148201829
1918,86.4137652988
1919,89.9233850077
1920,87.2604886599
1921,91.6129905373
1922,88.6810594571
1923,89.8372162088
1924,86.9005713218
1925,88.9211182078
1926,92.3605025608
1927,89.0252199172
1928,85.3177173709
1929,91.5646473283
1930,85.6855965494
1931,82.6618452159
1932,87.0790820319
1933,86.7071894855
1934,86.745131202
1935,87.6390412552
1936,89.0235783555
1937,89.8420858585
1938,85.8576950327
1939,89.7898266914
1940,85.9361004604
1941,86.3447113678
1942,86.5693414889
1943,82.3206158539
1944,83.7707400494
1945,85.6679076885
1946,93.3478679451
1947,86.8528656472
1948,84.9995947766
1949,90.3577859824
1950,89.7059284569
1951,85.6683587518
1952,92.2005027421
1953,85.4394873123
1954,81.9593876599
1955,89.3920355986
1956,84.3933091099
1957,87.2932229598
1958,82.9596077017
1959,89.3452703729
1960,88.8699227008
1961,87.1181073486
1962,88.3699705117
1963,85.5842712409
1964,86.4605646312
1965,87.0262899569
1966,89.3935122083
1967,86.0503784931
1968,87.3910991054
1969,83.8561594879
1970,89.4036776968
1971,84.4537912854
1972,82.6006538701
1973,84.27429135
1974,87.8065210481
1975,86.7566739238
1976,81.3841745886
1977,86.4870163761
1978,89.4011210299
1979,87.6953988344
1980,85.6722705636
1981,85.3418671162
1982,89.100734422
1983,89.0340942255
1984,89.9260084126
1985,86.6177584848
1986,88.0326323244
1987,91.1006111633
1988,89.7546032427
1989,87.2719739209
1990,84.2335650657
1991,87.7579960529
1992,88.3021498416
1993,91.1812027488
1994,85.9358207208
1995,85.3203454977
1996,89.2657673593
1997,84.7089325192
1998,81.6906857568
1999,87.2707853585
2000,91.8976741075
2001,83.5327045424
2002,87.5259479032
2003,87.5743883979
2004,86.4918472567
2005,86.3399483515
2006,89.1112200377
2007,90.0469905028
2008,89.0166528748
2009,87.8533942408
2010,92.5019418169
2011,87.883484596
2012,85.3664608576
2013,85.9074798274
2014,91.8316327697
2015,90.5370549305
2016,86.8769421822
2017,89.1608782463
2018,88.7510909437
2019,87.7090151329
2020,85.6768217714
2021,95.4094422742
2022,93.2485791783
2023,89.2992071991
2024,84.1116245611
2025,86.0421757036
2026,89.9022252438
2027,83.8213725644
2028,86.2873603844
2029,89.6097983026
2030,89.5395679348
2031,89.6505071684
2032,88.4703311838
2033,86.1815130848
2034,83.1902941009
2035,90.0756090424
2036,87.5370728492
2037,86.1484712304
2038,83.9610369106
2039,86.3864071737
2040,87.9205173086
2041,94.207057754
2042,87.5281260215
2043,86.7263998378
2044,91.6200618345
2045,89.4577682014
2046,84.4963529942
2047,87.5686472811
2048,85.6049178263
2049,89.6427652874
2050,87.831877104
2051,85.0239390236
2052,87.9413313588
2053,87.1131705873
2054,88.3409353136
2055,82.9794364801
2056,87.9014545265
2057,85.5007604221
2058,84.6099635238
2059,81.0694227985
2060,83.752721823
2061,93.9757454581
2062,90.5549140141
2063,88.0811950684
2064,92.443561666
2065,89.6591069594
2066,88.0909909943
2067,86.2735597331
2068,87.6592275149
2069,88.3254878482
2070,87.6903605775
2071,89.4199015287
2072,91.5274836548
2073,89.1305601112
2074,89.6770261423
2075,90.0551622341
2076,86.547702122
2077,86.1729645818
2078,86.7712415279
2079,83.8044408521
2080,90.7738921059
2081,86.3867351885
2082,91.386962908
2083,85.1965965712
2084,85.7568103899
2085,88.2778997426
2086,87.8865566187
2087,89.7740041704
2088,88.6585615983
2089,85.6098932325
2090,86.9670260403
2091,91.9867543905
2092,84.275417056
2093,90.0958439732
2094,89.587985007
2095,90.1608857509
2096,90.8092879251
2097,89.2600154777
2098,86.6871611344
2099,89.0033583723
2100,86.2554078072
2101,88.5705144783
2102,86.9768323031
2103,86.8750931434
2104,89.5241298219
2105,86.2252545242
2106,88.7315135027
2107,92.2966774746
2108,88.2857533622
2109,87.7092998093
2110,89.0784360846
2111,86.0599271076
2112,93.5057358449
2113,87.211622066
2114,87.9012557042
2115,93.5924502237
2116,84.5535916626
2117,86.3998454084
2118,89.5955753013
2119,87.0205305731
2120,87.248774997
2121,83.6160743224
2122,89.8483818096
2123,87.1564582209
2124,88.1528254168
2125,87.0865511975
2126,88.8807229007
2127,87.5921502684
2128,87.861281664
2129,84.9577189157
2130,89.6003323865
2131,89.7487481214
2132,86.0349110192
2133,87.4198268583
2134,85.9185432006
2135,89.3872623783
2136,86.7088887742
2137,89.6237872908
2138,89.6234187028
2139,90.1290986657
2140,89.488213851
2141,89.4811340216
2142,85.6855566955
2143,84.4825753144
2144,90.5459845635
2145,89.2244699146
2146,91.3308159667
2147,82.5038868561
2148,89.4550203914
2149,86.5281691854
2150,88.4228646936
2151,88.8961535035
2152,85.90841061
2153,88.045706507
2154,93.8324260563
2155,89.0206277612
2156,85.4982242159
2157,90.0621103241
2158,88.5484361501
2159,89.7331797171
2160,91.5751490646
2161,93.9121012174
2162,87.3849828121
2163,91.171840436
2164,89.7648366091
2165,89.4293718483
2166,82.8622039717
2167,91.2222619605
2168,87.0032751241
2169,85.07393894
2170,88.6351365217
2171,92.3980790835
2172,89.6527798256
2173,91.8795996813
2174,87.3471385005
2175,88.6292509553
2176,86.7425644252
2177,94.1343809565
2178,87.2668511014
2179,92.2455368759
2180,88.4123862441
2181,84.7123284229
2182,89.370271279
2183,89.4179211008
2184,90.3701409331
2185,89.8529443727
2186,87.8387355117
2187,89.7306145192
2188,85.0041218236
2189,88.1233910587
2190,85.5697694685
2191,90.0459288875
2192,83.1058292785
2193,90.0833743936
2194,82.9124268867
2195,92.4673207798
2196,88.3826922467
2197,91.1508951861
2198,89.5195957865
2199,89.7321324544
2200,89.1795265182
2201,87.560180633
2202,87.811323665
2203,93.5449806205
2204,92.3753935801
2205,90.7387100665
2206,92.4902085633
2207,92.0237290537
2208,86.6327746169
2209,80.6497033699
2210,85.6874462639
2211,89.7560298759
2212,85.368724074
2213,82.5757409348
2214,89.4495109499
2215,87.3714915903
2216,90.4967538373
2217,89.0156512201
2218,90.5602341206
2219,86.3069150373
2220,90.6464251925
2221,89.2230894437
2222,90.4142037706
2223,83.6022451346
2224,86.8522931584
2225,85.271215888
2226,87.7002982154
2227,87.8093435101
2228,83.4495949913
2229,87.9189399875
2230,88.0992619562
2231,88.7191689166
2232,90.1010021693
2233,85.6322165539
2234,89.960643061
2235,84.3660528021
2236,82.9700562918
2237,86.9607007948
2238,83.2753687202
2239,84.8675098201
2240,92.1576075349
2241,92.4529582806
2242,91.3094149387
2243,84.9073906446
2244,90.1463086153
2245,86.5489783266
2246,89.0641207442
2247,84.609176845
2248,85.7900885144
2249,88.0154067781
2250,87.0985884735
2251,86.8024820182
2252,81.9848615872
2253,90.9197438364
2254,90.0103698806
2255,89.6203016876
2256,89.3874978375
2257,89.4711622056
2258,87.5456282845
2259,88.3466997757
2260,87.9282149889
2261,91.6048824253
2262,88.2251566537
2263,83.5107617175
2264,88.5198471096
2265,89.190742949
2266,87.5235907745
2267,85.475283412
2268,87.3813194595
2269,90.374768407
2270,90.41599196
2271,91.2273516345
2272,82.9970112398
2273,89.5973652306
2274,85.8124754497
2275,89.3610256508
2276,83.3391162975
2277,88.5503115072
2278,90.3152510128
2279,91.310449238
2280,83.6741351963
2281,84.4592516871
2282,87.4603081847
2283,88.2745999464
2284,83.1029530259
2285,87.0160221083
2286,90.3066784378
2287,87.8413384953
2288,91.2425857513
2289,87.0378693756
2290,85.4906052084
2291,85.4944276859
2292,90.5302598592
2293,91.0501824205
2294,86.1665211054
2295,92.8969600286
2296,89.3117543212
2297,88.7668679067
2298,84.2124078813
2299,90.9433327427
2300,89.3873906373
2301,85.940188737
2302,87.8504555457
2303,87.5911380771
2304,85.5881085608
2305,87.6312490586
2306,90.5945031635
2307,85.3955448697
2308,87.3937347912
2309,86.7001441194
2310,84.6208100669
2311,85.2765893443
2312,90.3468528294
2313,88.1073426576
2314,83.5148628332
2315,85.4209054615
2316,86.1923380981
2317,87.7307674
2318,88.1383679563
2319,84.3093788826
2320,86.8865380208
2321,90.3677626927
2322,86.6213399378
2323,82.7678510386
2324,85.2892309978
2325,83.5317504804
2326,93.2419720149
2327,88.6711577455
2328,90.5649597093
2329,88.8757444318
2330,89.1717608315
2331,92.1705942809
2332,91.0170087195
2333,90.7730945405
2334,87.7976562728
2335,91.1080562146
2336,85.3133917338
2337,86.5823303924
2338,91.9277624627
2339,89.488991409
2340,90.4949856199
2341,90.1583675881
2342,86.8101793579
2343,90.5720661543
2344,91.3961330609
2345,81.8271401745
2346,86.5036145054
2347,91.7654313572
2348,87.4812854421
2349,89.8634273397
2350,89.5178782791
2351,83.1639210055
2352,92.5533543195
2353,91.0869035712
2354,87.781964767
2355,88.5378302037
2356,83.8068403878
2357,85.9374075691
2358,90.9080047994
2359,87.4285861843
2360,88.6483611621
2361,91.1209004061
2362,83.8673534596
2363,87.471201098
2364,85.3155433845
2365,85.4738537841
2366,90.5851461647
2367,88.2329088519
2368,87.8370206445
2369,87.4194307128
2370,84.2778230217
2371,87.7581094628
2372,88.1659349576
2373,87.6926656745
2374,89.8649424941
2375,84.8597417893
2376,84.7984720136
2377,84.8227515737
2378,84.4048553262
2379,86.1780065745
2380,89.4419557889
2381,84.0258775855
2382,88.4926849719
2383,91.6521881914
2384,87.6584798358
2385,86.6324743315
2386,87.7760554631
2387,84.2129196339
2388,85.3158478623
2389,85.5860082677
2390,86.0043997296
2391,88.6311206677
2392,86.4257476289
2393,86.6946940027
2394,91.8321723131
2395,87.9493610921
2396,86.017125163
2397,89.067429475
2398,87.4688438391
2399,87.5299474655
2400,88.6467516616
2401,87.2752737221
2402,84.4020757134
2403,86.8222065675
2404,89.2574932868
2405,89.4627558853
2406,85.1583197013
2407,92.3091088011
2408,92.7353221804
2409,91.2855650644
2410,88.4691817213
2411,88.3621378308
2412,82.8947365998
2413,85.8655760464
2414,86.2990629787
2415,87.0404678689
2416,90.3113966706
2417,89.7166570926
2418,90.9625707348
2419,91.4099511407
2420,83.9167006451
2421,82.129872963
2422,89.3964745455
2423,90.3667771824
2424,89.5403819266
2425,87.0273969784
2426,90.9389612917
2427,86.3857702965
2428,84.403259005
2429,83.8696856961
2430,87.3470316381
2431,85.4973976417
2432,89.2610410081
2433,91.4161739972
2434,94.0582634012
2435,89.5498874124
2436,85.867250961
2437,89.3260351491
2438,87.0536533694
2439,87.8675529278
2440,85.3195492718
2441,91.6981527863
2442,86.4070710277
2443,86.7645662549
2444,89.6496499297
2445,86.8631341011
2446,86.3883316979
2447,82.3083380783
2448,90.3073847078
2449,90.0215138799
2450,87.7760041352
2451,87.6979910991
2452,88.7770625224
2453,86.0014908018
2454,87.4674332959
2455,84.5730789332
2456,83.7182166661
2457,83.1963724393
2458,91.3910999865
2459,86.3032190168
2460,89.3415420692
2461,88.3579194419
2462,87.3103950255
2463,87.2883390997
2464,87.6746641559
2465,90.6731279688
2466,85.8358089102
2467,87.979518932
2468,86.4064573497
2469,92.4184621648
2470,88.2733070657
2471,91.6224298319
2472,85.6695124369
2473,89.5274816907
2474,90.0527484029
2475,86.9374859447
2476,84.6845022129
2477,88.2187594159
2478,85.4793807447
2479,90.8437404289
2480,85.5387789906
2481,92.568843497
2482,88.8191724506
2483,89.8218456445
2484,86.7705995802
2485,87.7902142413
2486,86.3586013099
2487,88.9371272176
2488,82.6302878723
2489,84.7547378853
2490,85.3836605965
2491,87.9250078574
2492,87.9860097444
2493,85.7455081703
2494,91.5040017513
2495,86.8721561545
2496,88.7223465958
2497,85.1584588839
2498,89.5663526989
2499,82.6566809338
2500,89.3304317091
2501,91.8088644419
2502,88.2250877318
2503,89.9509389946
2504,83.9671937041
2505,84.6074461976
2506,92.7148773454
2507,87.1535764874
2508,87.0543889169
2509,86.1081566564
2510,89.5826980809
2511,92.1200396896
2512,84.4891714339
2513,88.1908075491
2514,87.7579673782
2515,86.4833758154
2516,88.3423066938
2517,85.8441013145
2518,85.7261245055
2519,91.3398141028
2520,91.1547477536
2521,92.5015687489
2522,86.1384866515
2523,88.8757590877
2524,86.5236157156
2525,87.8176691221
2526,87.9390085993
2527,86.1176928012
2528,85.8503109971
2529,89.0888552321
2530,89.3385693341
2531,87.3474972456
2532,86.6986420944
2533,84.3755007362
2534,84.3196226174
2535,86.4217351905
2536,87.2123618994
2537,88.913253808
2538,93.4011596865
2539,86.0332790247
2540,91.1129199829
2541,91.0371883506
2542,88.8741974229
2543,87.9471100461
2544,87.922860912
2545,86.3582098085
2546,91.2835932669
2547,88.205505831
2548,86.2192421537
2549,83.3696544735
2550,91.1861962356
2551,90.3063455312
2552,86.8822032774
2553,91.5213508234
2554,90.1108935238
2555,88.8352296967
2556,83.054084756
2557,88.134155542
2558,85.0797294568
2559,87.2358634246
2560,87.9542170187
2561,85.06264486
2562,85.7055253031
2563,85.4660445267
2564,87.8996924099
2565,87.868983618
2566,91.2105610447
2567,83.0908013303
2568,88.4431585844
2569,89.7052505562
2570,84.0039920655
2571,90.6539842779
2572,86.1969478376
2573,88.8654609836
2574,88.1536710186
2575,88.473970643
2576,88.265791649
2577,86.1364856233
2578,91.4130251147
2579,88.4288657684
2580,84.4676302688
2581,92.1759507152
2582,86.8252789978
2583,91.710851705
2584,82.7842553597
2585,89.1544143889
2586,89.7056906831
2587,86.3101288335
2588,87.921457581
2589,87.6848052978
2590,85.7551712243
2591,87.9890413453
2592,84.6081039899
2593,88.850710474
2594,90.0091688087
2595,86.0723612274
2596,87.8951333259
2597,89.3451864812
2598,88.7735597918
2599,83.2797028235
2600,90.5411770764
2601,87.6768870425
2602,86.5823766628
2603,82.0481898082
2604,93.0043717072
2605,85.74871249
2606,82.9994848112
2607,90.0444127958
2608,84.4984237155
2609,83.0345589192
2610,88.8756504798
2611,91.4122375289
2612,83.4147355702
2613,87.306906365
2614,85.3016512028
2615,90.9436025827
2616,88.9687018512
2617,87.3850858787
2618,89.5151706041
2619,91.8875119767
2620,86.2123274179
2621,86.3107255977
2622,86.8358114249
2623,84.9950822566
2624,86.5862627721
2625,90.0698464524
2626,87.6701304835
2627,90.9309093931
2628,85.5442963686
2629,88.4202152666
2630,86.8552108557
2631,89.4617356992
2632,88.0412264068
2633,90.4648828096
2634,89.1644005046
2635,87.7139980959
2636,88.0773021813
2637,89.9018554141
2638,84.515803924
2639,89.1239778045
2640,86.9687092257
2641,89.7015428256
2642,91.4882308144
2643,92.7512488643
2644,84.5735359278
2645,86.0810022415
2646,90.4037197609
2647,88.0662565961
2648,88.4650891256
2649,90.5766858337
2650,85.3009201761
2651,83.7465472145
2652,85.1425784952
2653,85.7912066817
2654,90.5193087648
2655,92.7800357088
2656,89.7305769501
2657,84.6068448747
2658,88.2678965513
2659,84.7684004709
2660,91.1614935732
2661,90.4335666178
2662,84.6895507281
2663,86.7159104631
2664,86.265961932
2665,85.1443317702
2666,88.7390612122
2667,89.3061790114
2668,89.1058879932
2669,86.1833237291
2670,87.3879668628
2671,86.6488838278
2672,85.2157951129
2673,87.2338586331
2674,89.5705197389
2675,85.8828166653
2676,87.3632570321
2677,85.0317651719
2678,90.4967367816
2679,90.0613562408
2680,86.8051869855
2681,86.5395015489
2682,90.4980504617
2683,88.4295434673
2684,87.2758888237
2685,88.0103501526
2686,88.7524470662
2687,92.0217184208
2688,88.8919053567
2689,85.8143824934
2690,89.2063047551
2691,92.429846659
2692,84.946890626
2693,90.4287604561
2694,89.177174125
2695,90.6264201284
2696,84.2172776946
2697,87.4694422105
2698,90.8233219806
2699,89.7825577564
2700,92.5754410175
2701,89.1697246238
2702,87.8836720184
2703,86.9946022809
2704,91.2356951719
2705,88.0829752644
2706,88.4085315969
2707,90.1656174965
2708,88.2774600961
2709,88.4265173988
2710,92.263815743
2711,87.7123977713
2712,88.4375308702
2713,89.1194743763
2714,85.7864129568
2715,85.668520652
2716,92.5847130187
2717,89.4965842281
2718,90.559073371
2719,87.2803952918
2720,86.7978381353
2721,85.5417122473
2722,88.3872463937
2723,88.277436832
2724,87.8126464203
2725,84.5959388743
2726,85.4467307931
2727,83.9877254789
2728,87.6205997142
2729,88.4678924266
2730,90.9402154314
2731,87.8753541371
2732,88.1723414268
2733,83.7800036396
2734,86.8159551295
2735,88.4006707016
2736,92.5431460674
2737,86.6733219301
2738,83.9098006741
2739,83.0510685516
2740,83.8439157465
2741,85.7839355544
2742,88.5542936095
2743,84.5243420983
2744,84.369810523
2745,86.9183569715
2746,92.3009799458
2747,88.2897307851
2748,92.5251400545
2749,91.1551557383
2750,89.5988781264
2751,88.7631409933
2752,82.4185905592
2753,86.0566844004
2754,89.8066425712
2755,84.4044306524
2756,86.5746786836
2757,88.1695346687
2758,87.7035370059
2759,90.1455341331
2760,89.173162957
2761,88.3526231949
2762,87.3431785604
2763,86.1847070228
2764,88.9321028123
2765,88.604646496
2766,83.1776313609
2767,88.431342413
2768,84.6760355226
2769,91.1279278307
2770,85.1338217225
2771,89.0458449942
2772,91.3142298642
2773,86.7744770779
2774,93.0038429003
2775,87.2913258128
2776,89.4398674331
2777,86.5226372822
2778,89.9943859689
2779,86.8718202783
2780,87.6631954338
2781,85.4833664042
2782,89.1751566909
2783,84.5784280827
2784,89.0344607632
2785,90.7134540909
2786,86.087424744
2787,84.7983260238
2788,89.282463802
2789,87.3041079778
2790,85.6546939457
2791,86.2130748246
2792,88.3985553046
2793,86.0567642742
2794,85.540965576
2795,86.9518714833
2796,85.6182250091
2797,87.439056843
2798,86.1416578475
2799,86.8640054589
2800,85.527130113
2801,87.9753065746
2802,89.4533387927
2803,88.4503060893
2804,90.356175461
2805,85.4786031272
2806,85.8880649557
2807,89.2074792123
2808,88.8760110626
2809,87.9983168681
2810,86.2348751699
2811,81.8044709233
2812,90.3728653879
2813,88.0112710731
2814,87.8315999331
2815,87.4461770192
2816,87.9771215739
2817,87.1110354543
2818,88.5728740996
2819,89.112338131
2820,86.3374692025
2821,85.6417733205
2822,90.8319820471
2823,89.1270110574
2824,89.1024612965
2825,85.9650705214
2826,85.9259510572
2827,87.7313780099
2828,90.9991398829
2829,83.0153852178
2830,88.7852382684
2831,86.6981826769
2832,86.8537385656
2833,86.6161285598
2834,88.1369794977
2835,87.7804622724
2836,89.1862426558
2837,86.4627158348
2838,89.3941697202
2839,83.1196066363
2840,87.2918865814
2841,84.6904260637
2842,92.787096921
2843,89.7870691722
2844,88.175476685
2845,86.073454436
2846,86.2951015766
2847,85.9739734877
2848,87.3248776713
2849,86.6437108652
2850,89.6173600368
2851,83.3376465125
2852,90.0702173323
2853,85.3075205182
2854,86.6506638348
2855,82.9908838073
2856,88.6370933172
2857,88.4515269769
2858,82.2239052941
2859,90.4858586156
2860,90.0305617604
2861,84.9908726274
2862,84.7131729882
2863,85.3174531868
2864,91.1183157735
2865,90.8187302408
2866,90.9212551699
2867,89.6765730767
2868,87.1093659078
2869,83.6177158507
2870,86.2424116573
2871,86.232071283
2872,89.4391266234
2873,91.2461649603
2874,87.9161572775
2875,85.6420526485
2876,87.8156745585
2877,88.7799988096
2878,85.2190395534
2879,85.21311941
2880,85.902825144
2881,84.4062085203
2882,88.2598227259
2883,87.1068089681
2884,89.8446997854
2885,84.567177564
2886,89.671322172
2887,93.0553180464
2888,89.3841841404
2889,84.9558361489
2890,91.074482105
2891,85.5606191306
2892,84.5560554591
2893,87.6476919023
2894,84.915624121
2895,87.9875810764
2896,89.437415247
2897,89.9548835512
2898,84.5505292488
2899,84.2842571083
2900,87.2634011901
2901,89.2900929868
2902,89.137312501
2903,81.8960686245
2904,88.1814058412
2905,83.881745983
2906,86.5623156755
2907,87.6138952907
2908,83.9358194614
2909,86.6652260444
2910,90.3475168191
2911,91.4998115938
2912,86.5345600933
2913,87.4450786822
2914,91.0996820208
2915,88.4151882838
2916,84.9544523192
2917,85.9544276246
2918,88.924548243
2919,88.2157187441
2920,87.4290193232
2921,88.5304730353
2922,90.8795516665
2923,88.7994221992
2924,84.9200736394
2925,87.6404947034
2926,90.3967805419
2927,84.2316264207
2928,89.2836055535
2929,87.0972353769
2930,87.8569566467
2931,90.0747430674
2932,88.2335002736
2933,86.6376873494
2934,90.504736603
2935,86.3346003635
2936,88.8236594842
2937,88.7109446168
2938,86.0741895017
2939,87.7878853662
2940,88.659865728
2941,89.5564170183
2942,89.2688966898
2943,84.1099551004
2944,84.2940850868
2945,86.740415757
2946,90.0810582153
2947,88.9435742298
2948,84.0824900249
2949,90.3476588048
2950,84.190273771
2951,89.2973230465
2952,83.9484482476
2953,93.1331645004
2954,89.5141458219
2955,91.4333845509
2956,85.1802503314
2957,89.0521181932
2958,87.0537235477
2959,86.5192126312
2960,90.1028841197
2961,86.5477755239
2962,83.2683327033
2963,90.7398785614
2964,87.2969666727
2965,93.054587278
2966,88.4438706491
2967,85.5031122139
2968,94.3596318519
2969,87.9627081792
2970,89.5594849564
2971,85.2551269956
2972,90.0315725272
2973,87.6440517308
2974,89.5070190157
2975,87.2472714575
2976,84.9023723791
2977,87.1832057013
2978,86.589971093
2979,87.0476130523
2980,90.9462663922
2981,86.5710630498
2982,83.3340666075
2983,89.2720399921
2984,88.339592252
2985,86.2147498901
2986,87.9509133675
2987,88.5997267113
2988,85.8708641952
2989,85.7988027717
2990,91.1343816125
2991,90.6003508339
2992,88.8480470237
2993,84.0300114262
2994,89.3038267134
2995,87.2107494833
2996,88.8678533203
2997,88.7714631589
2998,89.3601485067
2999,88.7910826605
3000,88.8439517688
3001,84.2080594287
3002,87.8828475785
3003,85.2677734249
3004,90.5497621927
3005,87.097054808
3006,86.6820581393
3007,87.6869540201
3008,89.3621623213
3009,88.1291897598
3010,86.3346184967
3011,88.2921438898
3012,89.9480232379
3013,91.9674186024
3014,92.6131020527
3015,86.3768881207
3016,94.4638591021
3017,91.9285409401
3018,91.1026109626
3019,85.7699136775
3020,91.2251247742
3021,88.6929259021
3022,96.0886547374
3023,86.3488686716
3024,90.7138269499
3025,89.8927122864
3026,89.8406439966
3027,87.2133159074
3028,85.7916681139
3029,90.1551489408
3030,88.5895659587
3031,89.5541531949
3032,88.3227212869
3033,87.4416983072
3034,84.1951031794
3035,86.3492368371
3036,85.1419368026
3037,86.2639185202
3038,90.9042856962
3039,86.7990911576
3040,87.1664211889
3041,91.7347993381
3042,82.8234858299
3043,91.0084822899
3044,90.2000007171
3045,90.6929489522
3046,89.4024244025
3047,82.1052463495
3048,92.9780176073
3049,90.9202979632
3050,86.3760455017
3051,89.5079605501
3052,87.5858141743
3053,90.2472920059
3054,87.8460934767
3055,91.0214847128
3056,88.4823115897
3057,89.049306423
3058,88.686593754
3059,90.2829758523
3060,90.3799798981
3061,91.1389728515
3062,82.8524014499
3063,87.04741839
3064,88.6326239815
3065,89.7934188224
3066,89.6688366094
3067,82.0412345196
3068,88.3663146904
3069,87.8158265996
3070,86.0084735616
3071,87.4708885581
3072,90.2080698084
3073,91.0237379683
3074,86.9694311207
3075,91.6391291135
3076,87.5648324842
3077,82.0780067224
3078,86.0109946085
3079,90.186167504
3080,89.1539678801
3081,86.0915750963
3082,86.8571039519
3083,87.598440259
3084,89.3239215055
3085,89.236033096
3086,85.6516634861
3087,89.4936290483
3088,83.0821054385
3089,90.3976292586
3090,90.4152646146
3091,84.5628244486
3092,90.3702978534
3093,83.8063891578
3094,85.572067977
3095,88.9404487752
3096,92.6913093618
3097,87.0086961875
3098,86.7870426132
3099,83.4050742494
3100,92.5938050934
3101,84.0554904485
3102,85.9634198145
3103,86.4328156022
3104,85.3331597608
3105,85.0417772697
3106,87.1409611863
3107,93.3161710757
3108,85.5332054294
3109,91.0105137863
3110,87.1520282087
3111,84.8266796792
3112,87.0926593186
3113,85.6503600796
3114,88.7241238856
3115,92.8774504871
3116,87.6799964706
3117,88.0295502133
3118,83.2348551716
3119,89.0591586181
3120,90.3851826375
3121,85.1053081538
3122,84.0984021565
3123,88.4698808285
3124,86.743820055
3125,88.5181814732
3126,82.2023018698
3127,87.0037339223
3128,89.9600259932
3129,86.8518036623
3130,89.5053028977
3131,90.2313308752
3132,86.476363241
3133,90.3954882391
3134,87.5536255818
3135,83.4742085923
3136,89.9813802775
3137,88.3915453037
3138,87.8839540628
3139,86.6203809536
3140,87.6655567674
3141,88.6648150188
3142,89.0645605375
3143,90.0236698884
3144,89.2848705353
3145,90.371782381
3146,86.5422070286
3147,86.4107704625
3148,88.0605049302
3149,87.6545610316
3150,85.9502644293
3151,90.1861540093
3152,88.5214312035
3153,87.0782496172
3154,85.4894246311
3155,91.4580448944
3156,89.9254647747
3157,89.5793464179
3158,88.5525354638
3159,91.4079561638
3160,82.3950350462
3161,90.9184488673
3162,86.7156944743
3163,88.7546743763
3164,86.1191453318
3165,88.7081079894
3166,83.8962102104
3167,86.6376398662
3168,92.2098543998
3169,88.9631992906
3170,91.8981546063
3171,87.2486118587
3172,89.2650232896
3173,87.6651135119
3174,85.6992478924
3175,93.4846364894
3176,87.0553037669
3177,89.4788568614
3178,92.7508597676
3179,85.5928325312
3180,88.9157381536
3181,87.0499174001
3182,82.5872597625
3183,84.4630298915
3184,88.793598532
3185,84.3928155947
3186,89.4010358947
3187,91.3607258346
3188,89.6637408223
3189,87.3897742806
3190,88.2178231857
3191,87.0754092305
3192,92.5307435769
3193,90.2628821495
3194,87.0124336503
3195,89.7359184295
3196,87.6018153465
3197,90.2192028075
3198,89.9162864117
3199,91.801874981
3200,90.3873281225
3201,88.4227993568
3202,87.5245383491
3203,85.2264890636
3204,87.3518985455
3205,88.7576303587
3206,88.5124141305
3207,85.9544183801
3208,89.5867776223
3209,90.6810374679
3210,87.5476492293
3211,82.5110694697
3212,87.352817803
3213,91.3881181
3214,81.6540402499
3215,91.4391438984
3216,83.7370511815
3217,88.2235706943
3218,90.1262282238
3219,85.7873995414
3220,93.8567336804
3221,90.7711107005
3222,86.7624369274
3223,88.5639833156
3224,87.2196156913
3225,89.5355208659
3226,85.6995729053
3227,87.4916699015
3228,89.2697881863
3229,90.9206690366
3230,85.8339452069
3231,85.9705474897
3232,86.0344681554
3233,89.1503933923
3234,85.8371471726
3235,83.3577520035
3236,88.0492837103
3237,86.4800984417
3238,84.7506657722
3239,86.238546103
3240,87.8492071891
3241,86.4608131885
3242,87.7519305364
3243,88.6680099958
3244,86.8333438143
3245,89.3389554668
3246,85.7425403512
3247,90.101008348
3248,90.7090789061
3249,87.6584095964
3250,84.3028863307
3251,86.7062938681
3252,88.7954559613
3253,90.4666052123
3254,90.331174146
3255,92.8393000608
3256,89.1031963153
3257,86.4987727021
3258,86.7727691021
3259,89.0110569081
3260,87.1484679452
3261,82.3299149765
3262,83.1893613921
3263,83.6776260171
3264,84.2195342252
3265,88.8842901281
3266,89.8254996851
3267,84.8820590352
3268,91.0135047725
3269,91.3214319679
3270,84.6216384523
3271,84.4641554725
3272,92.4463709722
3273,90.2546912488
3274,89.3069576787
3275,91.9584837501
3276,86.7155217845
3277,82.4859162399
3278,90.7064000847
3279,85.3717138729
3280,86.9000121847
3281,88.3559496641
3282,87.3686531885
3283,88.8312063737
3284,84.4167168759
3285,88.5579497227
3286,89.2582714068
3287,90.2616822914
3288,90.9560269723
3289,89.3593450984
3290,85.8390616966
3291,85.7098185412
3292,87.7860330977
3293,91.420747518
3294,84.8308570694
3295,89.095047732
3296,90.8899701175
3297,90.1767625377
3298,89.0920106594
3299,83.0046189075
3300,86.0087918933
3301,87.7317679154
3302,86.5404751958
3303,92.0259253908
3304,87.5974394445
3305,87.6602289996
3306,89.3456882818
3307,87.9006094075
3308,88.0946967335
3309,82.4359800663
3310,87.148529519
3311,90.5751818299
3312,87.0887357259
3313,90.5214104726
3314,83.7908990418
3315,84.3368891231
3316,89.5618157948
3317,86.1372375411
3318,88.1124648792
3319,89.6840750985
3320,87.2314390066
3321,89.0771140636
3322,88.5305056617
3323,89.8531090988
3324,88.60185704
3325,81.6993016515
3326,90.2643672458
3327,83.1630266706
3328,89.7115899906
3329,86.9961457529
3330,89.0801408717
3331,87.7336692783
3332,90.4951635563
3333,90.5070799328
3334,87.5764912647
3335,94.8660708437
3336,89.8629222626
3337,89.0485138477
3338,87.2747495818
3339,88.8154783547
3340,89.8914874133
3341,87.9943015079
3342,88.127512134
3343,83.1310690563
3344,89.4041095884
3345,90.1603231164
3346,88.7468845978
3347,92.8827200881
3348,85.8856060236
3349,84.7243369337
3350,88.9112908196
3351,88.8534081068
3352,85.0442877304
3353,86.9999308947
3354,89.3960968428
3355,83.8169911753
3356,88.6832912042
3357,88.2630708324
3358,86.8159692189
3359,87.4318572087
3360,89.0309804198
3361,88.7771749147
3362,88.5593879274
3363,86.4250142414
3364,86.5125092635
3365,91.1975884951
3366,87.4450198621
3367,88.3779571653
3368,85.8535903143
3369,87.3768359519
3370,87.8102276581
3371,91.5460769536
3372,90.5885133038
3373,89.568478365
3374,88.1815860937
3375,90.2491206599
3376,87.3722286949
3377,90.5432954586
3378,90.2387542034
3379,89.8680543717
3380,92.8097497635
3381,87.8702325273
3382,88.2663059717
3383,90.7194758353
3384,82.8231380195
3385,92.4869501504
3386,86.8283715219
3387,88.9309595108
3388,84.6205052473
3389,87.6193947837
3390,91.7210851412
3391,88.8422895888
3392,86.2547546793
3393,86.6392736227
3394,85.2974718025
3395,88.6098760381
3396,91.8441367955
3397,86.4736413002
3398,88.4844680897
3399,85.6023907585
3400,85.6092584002
3401,91.7194184917
3402,89.5944151959
3403,87.084694673
3404,86.0197950758
3405,89.1306038241
3406,87.8432687081
3407,85.6666207348
3408,87.6263665955
3409,89.6345139104
3410,85.9338346158
3411,80.9077393328
3412,89.2357640291
3413,87.3346810513
3414,85.5530226693
3415,86.0721563255
3416,90.8995207144
3417,89.5821628199
3418,87.7396300608
3419,84.2542382178
3420,85.6885883744
3421,92.5272722474
3422,89.3844753912
3423,83.1845629021
3424,87.1487192642
3425,88.5339301095
3426,89.1407786084
3427,91.8064974837
3428,87.8575524884
3429,90.5107495059
3430,90.4730917693
3431,83.6527832436
3432,85.8096011556
3433,90.1381753595
3434,84.0006380464
3435,87.1454932178
3436,89.0964994568
3437,88.7104312955
3438,92.9215986291
3439,92.3068055007
3440,91.0310643538
3441,85.5023282586
3442,86.6526304527
3443,89.5027119291
3444,88.8065314733
3445,83.576125232
3446,87.1603406898
3447,91.5385398068
3448,89.6737974562
3449,87.1561801902
3450,85.7619120118
3451,93.6585509902
3452,89.4878522859
3453,88.6308095948
3454,88.2829484408
3455,85.5475226415
3456,91.9108213648
3457,88.8808563937
3458,85.4989474211
3459,88.0978403144
3460,89.2576800365
3461,84.0302264913
3462,89.2207098711
3463,92.1387404555
3464,89.1960243344
3465,88.7409623518
3466,84.0719567986
3467,86.2556692039
3468,87.8150655891
3469,84.1122364899
3470,87.8664811017
3471,90.2332331611
3472,87.8323499893
3473,82.5069435765
3474,85.4190012748
3475,90.1131302948
3476,85.8290519335
3477,85.9661566347
3478,87.4622094025
3479,85.3872775729
3480,89.6285165837
3481,89.4640437188
3482,90.3789312051
3483,86.346716051
3484,90.0130727623
3485,91.5171419446
3486,85.1738799933
3487,90.3458810374
3488,89.3702633944
3489,87.9090498213
3490,88.8811171133
3491,82.204411403
3492,90.3627583591
3493,89.5154166083
3494,88.7594096908
3495,88.6208875441
3496,90.6597460976
3497,87.1688530407
3498,91.0265885893
3499,88.8076920808
3500,91.4564957419
3501,90.1653683941
3502,90.8534924245
3503,88.1543759586
3504,88.6561589493
3505,87.3767408219
3506,85.1873926818
3507,89.7917381719
3508,84.8647850161
3509,87.6249345537
3510,85.7967258163
3511,87.1817151612
3512,93.3716566873
3513,88.665805975
3514,84.5007542891
3515,85.9406275545
3516,91.4614563463
3517,85.5606241754
3518,88.7218121147
3519,86.6014682781
3520,89.4374712693
3521,90.0263923538
3522,88.4252774185
3523,87.7127615395
3524,89.1310808047
3525,85.4596261352
3526,89.0408183818
3527,90.6770733985
3528,91.643760247
3529,85.7038951498
3530,87.2361416362
3531,87.1994531439
3532,86.6132783493
3533,90.764800586
3534,90.4972068728
3535,82.7537025019
3536,89.2537084626
3537,86.7221767995
3538,90.4114842795
3539,89.2232185984
3540,87.6276125877
3541,85.9889828969
3542,85.0889879926
3543,91.8437907808
3544,89.7094510595
3545,86.4330257601
3546,87.4352210632
3547,89.0543803969
3548,90.1004517024
3549,88.1646612729
3550,88.5938584427
3551,90.0507429921
3552,85.5894610096
3553,89.2028335216
3554,88.1041573287
3555,94.7978823307
3556,88.3013478966
3557,86.9870144121
3558,90.763522996
3559,87.4018480359
3560,92.7171612934
3561,93.0623795172
3562,85.7482796681
3563,86.6583105948
3564,88.9724399113
3565,81.15587021
3566,88.7570643751
3567,89.6559322091
3568,87.0367808314
3569,87.4816878441
3570,84.9599344088
3571,90.4451413282
3572,86.1659073071
3573,91.8183624633
3574,89.0531405884
3575,90.0846594197
3576,91.6815884852
3577,91.1525082542
3578,86.1477301573
3579,89.0326111313
3580,86.6256954874
3581,87.752239799
3582,90.7085537157
3583,86.647052502
3584,89.7423509326
3585,83.0238948573
3586,85.9333182013
3587,83.6039472288
3588,87.546029187
3589,89.0533215624
3590,85.059607922
3591,85.8461826288
3592,87.1741419106
3593,92.3337419359
3594,86.179070323
3595,89.5519286942
3596,84.6889123709
3597,85.5242578739
3598,88.6959526422
3599,85.1975172678
3600,87.21530275
3601,89.9445957163
3602,87.0437721832
3603,88.5320541535
3604,87.5163451503
3605,85.4342232042
3606,84.9976244769
3607,89.4388707388
3608,85.2824278171
3609,87.7519066489
3610,89.0827523284
3611,91.6970824531
3612,87.9718532969
3613,82.7845126406
3614,87.6799646205
3615,91.6596334846
3616,85.8629782716
3617,85.3205968312
3618,87.6976976438
3619,83.2221178281
3620,92.1502443306
3621,84.121612816
3622,82.4455020596
3623,85.1868110987
3624,84.3586547875
3625,86.7380678539
3626,89.7429783449
3627,87.2161295905
3628,85.5111511763
3629,91.4233451209
3630,87.4543050751
3631,82.9218457371
3632,82.237955714
3633,84.9400690718
3634,86.5104099848
3635,88.8418161101
3636,87.1501547144
3637,92.3301423011
3638,88.9887106203
3639,94.061212351
3640,90.6667732925
3641,88.1730846003
3642,85.1575126625
3643,86.8813953334
3644,83.9474546272
3645,88.2006842544
3646,83.5679651871
3647,89.6860635503
3648,88.6616699283
3649,91.2678245014
3650,86.3183225088
3651,87.0223856741
3652,85.4767773243
3653,92.2092171922
3654,86.3080961981
3655,86.0901127073
3656,87.4807175922
3657,90.831981196
3658,89.3117411101
3659,89.8244407078
3660,86.5572481326
3661,85.2425236027
3662,85.4082640393
3663,87.8818158889
3664,84.6879501768
3665,87.2596844886
3666,83.8761264838
3667,91.3109274548
3668,90.2726380623
3669,87.6823449091
3670,89.0996496665
3671,89.8196368215
3672,91.9607847076
3673,82.4340648629
3674,91.8417822829
3675,88.3918933154
3676,93.9807465568
3677,89.8932627965
3678,90.4922070177
3679,87.5853221792
3680,88.6803595096
3681,86.5478629586
3682,89.2380128232
3683,89.2162871
3684,89.0856887328
3685,88.2441682999
3686,87.4327833393
3687,91.171204761
3688,88.78960878
3689,90.3316498987
3690,90.72336682
3691,91.1427937291
3692,90.8961061009
3693,88.1854374584
3694,86.8110594191
3695,89.1923273202
3696,86.6438307799
3697,90.6785136468
3698,91.5377352197
3699,88.1633651174
3700,88.7425889585
3701,92.760188675
3702,83.9187392807
3703,87.6433957691
3704,89.1829032331
3705,87.6434793697
3706,89.9540299692
3707,91.0964372132
3708,89.915800825
3709,86.8144098949
3710,90.1649203108
3711,90.7974868066
3712,85.6130619546
3713,90.0673289375
3714,85.0068031015
3715,91.9728301073
3716,87.7035987544
3717,87.8562507739
3718,90.8179792843
3719,89.1743035162
3720,86.0042680925
3721,89.0478351349
3722,87.0119274946
3723,82.6217827098
3724,88.3310759261
3725,89.9393966245
3726,86.1095046049
3727,85.4867213784
3728,87.5977020475
3729,90.6158126102
3730,94.8441469313
3731,90.131316767
3732,87.2433410976
3733,88.2395712726
3734,90.3047479461
3735,91.5235683524
3736,88.9392536127
3737,89.2329591056
3738,90.7029142462
3739,86.1511015957
3740,85.7085436326
3741,88.6474839964
3742,91.2323870485
3743,87.6505719953
3744,85.3231692584
3745,90.526279474
3746,86.588460357
3747,85.1983301599
3748,87.053779844
3749,86.5238775759
3750,84.9550108607
3751,90.2473960019
3752,91.1490183119
3753,89.5314225528
3754,84.9590414424
3755,85.0024174543
3756,86.1298710608
3757,88.8250130102
3758,88.1162956271
3759,93.3192831798
3760,86.1579902381
3761,87.8932887394
3762,83.6371364241
3763,87.7892080711
3764,87.703317438
3765,85.4525203046
3766,88.6619142003
3767,90.1763546304
3768,85.2086158064
3769,86.2541876966
3770,90.4836292635
3771,85.9476668287
3772,86.5371413597
3773,86.8073774936
3774,93.9199627577
3775,83.2371328407
3776,87.2200879873
3777,84.7298915633
3778,84.0993508469
3779,90.3490690687
3780,90.0572587479
3781,92.7716703113
3782,80.9793162887
3783,87.0593902489
3784,84.02939778
3785,85.1390789615
3786,85.9955714595
3787,86.2200844994
3788,88.997001898
3789,92.2696680243
3790,89.2500546867
3791,85.5604873321
3792,85.0029539187
3793,89.3646723357
3794,88.1842050339
3795,89.649673435
3796,89.8584642341
3797,86.7053225148
3798,88.2841010377
3799,88.7314884339
3800,93.2141168892
3801,88.2675200682
3802,84.7742510932
3803,89.1377716133
3804,87.3704211375
3805,83.0948788584
3806,89.9847292032
3807,87.1408042726
3808,85.4553525166
3809,90.7889363371
3810,89.1600610919
3811,91.0807592188
3812,91.3947560516
3813,90.5657568338
3814,88.0198909983
3815,91.6405946916
3816,87.8905884061
3817,86.2462904855
3818,83.2393919945
3819,93.9822590467
3820,89.6812825518
3821,88.9851680805
3822,86.5388611677
3823,90.1050547871
3824,84.7111404396
3825,86.3797760133
3826,85.2729312098
3827,87.1241485841
3828,89.4004965324
3829,81.8224400335
3830,86.0981237618
3831,87.4509819658
3832,87.7398872645
3833,81.382927233
3834,88.1779895639
3835,87.0810410513
3836,84.8460654089
3837,83.472338711
3838,88.494562639
3839,87.1801938684
3840,88.5350113615
3841,87.865779962
3842,83.7562831283
3843,85.4817012134
3844,89.6605785452
3845,86.9770237187
3846,90.0034606273
3847,86.9019771077
3848,88.4955147607
3849,88.9914921937
3850,91.8639606245
3851,86.3072741996
3852,86.2278702523
3853,88.0634859415
3854,89.5771710258
3855,84.6038727959
3856,89.5873567547
3857,90.6978450303
3858,88.0772116383
3859,89.3198830332
3860,89.831007471
3861,88.1632426167
3862,89.4387120938
3863,92.8195098278
3864,91.4965192318
3865,87.9057535806
3866,94.5326976065
3867,86.8110198524
3868,83.6577837351
3869,88.4807191075
3870,85.5893315317
3871,87.5300028249
3872,82.0972811643
3873,92.5525621798
3874,89.2593627606
3875,86.8214406834
3876,88.1977250717
3877,89.3137327046
3878,87.7615618701
3879,89.0295013911
3880,92.2412673526
3881,89.2340212653
3882,88.8624955088
3883,87.7227131501
3884,86.2173317361
3885,87.9680440667
3886,85.8572563847
3887,88.3420669595
3888,85.8429969432
3889,91.9653678556
3890,90.0009055623
3891,89.3613653512
3892,90.8414525045
3893,90.6158029162
3894,87.8944420822
3895,88.1531040225
3896,81.0914569708
3897,84.3034843197
3898,89.4803225806
3899,86.5764438832
3900,89.5390582691
3901,88.830542391
3902,87.9862710336
3903,87.1718396717
3904,86.4847075228
3905,92.95819211
3906,84.4362530195
3907,88.6340847362
3908,84.9191095469
3909,85.2299863918
3910,90.4990862417
3911,87.8122749604
3912,88.8690266063
3913,88.6009177258
3914,89.0524752934
3915,88.3212489119
3916,91.2726938371
3917,88.875810739
3918,85.9413963734
3919,88.9811227461
3920,89.5312640835
3921,89.710104855
3922,81.7980458741
3923,84.8364159583
3924,89.5969154608
3925,84.1780524412
3926,90.723768461
3927,85.7954905187
3928,92.0882811767
3929,86.0573465111
3930,91.8066315547
3931,88.106186737
3932,85.52999112
3933,89.9840252953
3934,85.3439821754
3935,90.5246426804
3936,84.3818039277
3937,85.8494674983
3938,87.1698387993
3939,94.9042936094
3940,86.9438473553
3941,89.6517519183
3942,85.6149896869
3943,85.0258354728
3944,93.5578489961
3945,86.2427862802
3946,92.2582566279
3947,90.4244553654
3948,93.0387109663
3949,90.3080731703
3950,88.8659041639
3951,89.9417197624
3952,86.8687363639
3953,91.09136563
3954,90.0769108162
3955,89.9484743413
3956,87.6762690927
3957,89.7746803241
3958,87.8900647497
3959,84.7980101633
3960,88.9848477704
3961,93.4832742513
3962,90.9758890069
3963,84.8299118339
3964,84.1466938607
3965,88.0599165323
3966,92.6474520074
3967,89.9607692157
3968,89.6688383949
3969,86.9387003227
3970,87.5556584418
3971,90.7027603527
3972,88.0068920957
3973,86.4058013675
3974,85.4383479343
3975,85.9422907443
3976,83.3463863407
3977,90.1233634749
3978,89.8144251997
3979,89.1396743456
3980,87.4248025459
3981,89.33223805
3982,87.8370246217
3983,83.7078567893
3984,89.0386457078
3985,89.9443440758
3986,90.7431500786
3987,89.82227527
3988,89.5461739274
3989,91.7940562597
3990,90.6754039706
3991,84.2189026746
3992,85.7823266504
3993,90.5712571036
3994,90.0618060309
3995,86.2964406789
3996,86.512494939
3997,90.3385808076
3998,90.8316055401
3999,85.0709583726
4000,88.6398441304
4001,86.6634175692
4002,88.5129330979
4003,86.5468620565
4004,85.372596844
4005,86.055929995
4006,90.1008156879
4007,80.6139135566
4008,93.1694564386
4009,92.0114352538
4010,87.9414697622
4011,84.7016463764
4012,87.5147911513
4013,90.368053761
4014,83.23781064
4015,88.8030073909
4016,82.5302653301
4017,88.4657127564
4018,91.0101528842
4019,91.6795865744
4020,89.9812074308
4021,88.1247998949
4022,90.8820825285
4023,90.3601606157
4024,88.9797057457
4025,90.1946793287
4026,90.1810679749
4027,92.3999838094
4028,82.5675682254
4029,89.4559597894
4030,89.9652545
4031,82.8769857209
4032,87.1509363721
4033,84.3617196072
4034,91.8311220287
4035,88.4404978373
4036,89.9225120641
4037,89.8368025717
4038,85.0473803885
4039,87.0125925866
4040,85.5957927335
4041,86.7603243042
4042,88.6187750282
4043,85.1900365839
4044,86.9134416457
4045,92.7129723999
4046,89.1401252186
4047,86.3846289455
4048,89.0925046935
4049,91.7066361048
4050,93.5306047376
4051,87.5696899059
4052,90.0102245511
4053,86.1345368854
4054,86.0929163843
4055,88.8993212984
4056,84.7843763667
4057,93.1050682917
4058,86.8240577671
4059,87.7331801007
4060,88.5829644056
4061,82.2408626709
4062,91.2212069929
4063,89.8445224711
4064,89.0036424326
4065,88.8443235117
4066,86.5095758425
4067,88.0398067565
4068,88.4795638253
4069,86.5534564622
4070,85.6393969305
4071,88.9959247376
4072,83.9077841194
4073,91.2532775487
4074,90.102220211
4075,87.5282795926
4076,89.0841927535
4077,92.3691767104
4078,89.4044366891
4079,85.5895327935
4080,89.5031339032
4081,88.8773784983
4082,89.707289647
4083,94.5768735794
4084,89.3265503692
4085,89.250522804
4086,88.4755279547
4087,86.9149134744
4088,90.417515673
4089,88.1676816487
4090,84.3989417371
4091,90.7240452645
4092,86.2006153673
4093,87.3935542329
4094,85.2561979579
4095,89.6102814609
4096,95.4978101007
4097,90.9785691308
4098,89.3556387686
4099,87.3842981963
4100,86.4254601391
4101,89.3742652988
4102,88.0706904665
4103,89.0350351722
4104,87.9295912727
4105,85.3710913738
4106,93.6127013464
4107,88.597902701
4108,91.1783868385
4109,89.0065011377
4110,89.304997166
4111,84.7678782939
4112,87.4962184295
4113,87.0307823127
4114,89.3920293986
4115,90.6615223088
4116,86.0074887285
4117,88.8726563686
4118,90.8915175628
4119,89.6845390783
4120,87.4343861021
4121,86.8495440338
4122,91.7566813505
4123,90.8986394758
4124,93.0898045119
4125,87.5500417939
4126,86.2275370903
4127,87.1629381326
4128,82.3538493322
4129,88.3795717466
4130,86.8664896659
4131,86.4064541283
4132,85.2349763842
4133,85.1106302521
4134,89.9487182681
4135,93.2147836505
4136,83.2450779896
4137,87.0639844689
4138,83.2260412676
4139,87.3148903209
4140,87.3707056479
4141,86.8938087141
4142,90.963608429
4143,87.366298714
4144,84.7243529434
4145,93.0949302308
4146,92.0358206082
4147,86.9268853472
4148,89.5191290347
4149,89.9675746121
4150,85.6355162361
4151,89.551947987
4152,88.7486385206
4153,87.2362053075
4154,82.7228318136
4155,92.3977563062
4156,89.4262700785
4157,86.6296756553
4158,87.5310270368
4159,88.6142114903
4160,87.8799582473
4161,86.1477347426
4162,87.5126468456
4163,84.6806322766
4164,87.4514223375
4165,86.1387536325
4166,85.3135209823
4167,84.8268562887
4168,90.64695106
4169,87.67239407
4170,83.3910194044
4171,86.7473197381
4172,80.65073515
4173,88.0429918131
4174,83.1945280438
4175,88.6714464649
4176,87.4986998882
4177,88.204486003
4178,86.786230667
4179,87.1157881447
4180,88.2360300787
4181,83.5486956944
4182,90.3479379063
4183,89.6097078672
4184,86.892967545
4185,86.014663885
4186,87.0510755695
4187,89.8200449293
4188,89.5828044391
4189,85.4922228525
4190,86.5892064051
4191,88.7326534324
4192,88.3008898403
4193,91.2698155242
4194,89.6280795262
4195,90.3336990425
4196,84.6515403779
4197,91.421196467
4198,87.3682219563
4199,87.6049000618
4200,86.4562019133
4201,94.2135716956
4202,83.7399464226
4203,88.2325011228
4204,94.0357960477
4205,87.222292337
4206,89.2327432993
4207,90.4695766485
4208,85.3970140014
4209,86.435428699
4210,90.3871829537
4211,86.2309332918
4212,88.8911937155
4213,88.0437517334
4214,89.341170001
4215,84.3848982517
4216,89.255942716
4217,87.9832881934
4218,89.4806232894
4219,88.5736047827
4220,82.8715589089
4221,91.7495234025
4222,86.5399407242
4223,88.4182345271
4224,87.5834433556
4225,88.845684362
4226,91.2097450655
4227,88.0333936807
4228,87.5112643599
4229,84.4817740275
4230,86.0690288066
4231,85.391935306
4232,90.1834072058
4233,87.8153295467
4234,90.2715929324
4235,85.4681609714
4236,90.5490635405
4237,91.6798107668
4238,90.743168078
4239,83.5793762711
4240,92.7634909009
4241,92.3128429539
4242,86.5742508205
4243,83.8771036405
4244,82.5012015048
4245,92.1362611523
4246,86.2122288332
4247,91.5220893131
4248,80.4289786426
4249,87.6883846445
4250,91.7659846881
4251,86.6676163862
4252,91.507617772
4253,87.3203937833
4254,89.9073668117
4255,89.8516694834
4256,90.3419568633
4257,87.5386525681
4258,90.498573469
4259,87.6810250728
4260,88.1171493474
4261,84.2453887609
4262,91.4190562909
4263,89.5706740789
4264,81.8143196922
4265,87.4816803351
4266,80.3103472669
4267,92.4539594796
4268,82.5169558447
4269,90.3459673302
4270,89.6649779046
4271,85.1125916811
4272,89.318736348
4273,87.5395152061
4274,93.3019051742
4275,88.9447547876
4276,86.9840491763
4277,86.8837736565
4278,89.2687223179
4279,90.7773872277
4280,87.9329260474
4281,85.6675130131
4282,92.6112033719
4283,88.1067899199
4284,88.4897232927
4285,86.7818692891
4286,91.1735459232
4287,87.5578155131
4288,86.934932516
4289,84.1611276402
4290,89.391968691
4291,87.5594584483
4292,86.5496570219
4293,91.4756516595
4294,88.7510805713
4295,90.0251709238
4296,82.9800270629
4297,82.9373737238
4298,89.9622416926
4299,85.5521008087
4300,82.6032377354
4301,85.4375446631
4302,91.6053647491
4303,88.2621231681
4304,87.1336519392
4305,85.5667574738
4306,91.3195779141
4307,85.559442386
4308,91.4024959725
4309,89.4236997816
4310,90.152343475
4311,88.3974225576
4312,86.4925866218
4313,88.365377474
4314,94.4564121295
4315,87.200674545
4316,87.9865705153
4317,89.3838807883
4318,92.4775100979
4319,90.0563306128
4320,90.4423001192
4321,87.4851429145
4322,87.2119230481
4323,86.8677228531
4324,86.3281416578
4325,90.8698117887
4326,89.2508872134
4327,88.5064603647
4328,88.5894457637
4329,87.219161948
4330,86.7520200195
4331,91.6832795692
4332,94.7320474931
4333,86.9029887041
4334,87.279357399
4335,87.6261121974
4336,90.8594021286
4337,87.9880878561
4338,88.4542973913
4339,86.3544603233
4340,87.6932103458
4341,88.6659844202
4342,90.2154196965
4343,90.3467608068
4344,86.5450669961
4345,87.1527374798
4346,88.6764480748
4347,82.3469726884
4348,86.375296077
4349,87.4917867915
4350,88.9508040734
4351,90.0840656238
4352,87.1325727431
4353,81.0523438531
4354,86.3489405052
4355,87.5549818232
4356,94.316770463
4357,90.0516724412
4358,86.996525251
4359,90.796262657
4360,83.0007301065
4361,89.8328119505
4362,86.6334871028
4363,89.8705361483
4364,88.6031615198
4365,87.6944591287
4366,85.9592055963
4367,86.5857907093
4368,88.9822533226
4369,89.5626402248
4370,89.1834293412
4371,82.6016264357
4372,87.2434207139
4373,86.9030862468
4374,91.5281441451
4375,92.4917125674
4376,88.2628502209
4377,91.8666034063
4378,84.5370322812
4379,89.2324567556
4380,88.562548251
4381,88.7484707978
4382,90.3558087857
4383,88.6846168872
4384,87.7031064439
4385,85.7676983266
4386,86.1929008328
4387,90.1710597269
4388,88.7444807728
4389,88.3701459638
4390,90.1026342325
4391,87.8694639768
4392,85.0304971206
4393,87.0419161168
4394,86.6933002411
4395,88.5517305717
4396,87.7034038047
4397,89.3990112641
4398,85.6873591706
4399,87.7083880082
4400,87.9256669513
4401,86.1244929929
4402,86.2314981531
4403,90.2773692425
4404,85.5757922019
4405,83.7698124756
4406,89.7048810077
4407,86.3793545885
4408,84.106982378
4409,88.5639402196
4410,90.4294658858
4411,86.9200707869
4412,89.55589579
4413,87.7577093598
4414,87.7202605723
4415,91.2153722185
4416,88.504781625
4417,91.707835195
4418,89.3525643912
4419,83.1133467299
4420,85.207318781
4421,86.5876042368
4422,84.9064083549
4423,79.873191617
4424,87.8201378816
4425,88.7574701498
4426,86.862234796
4427,86.3750385449
4428,90.1548364683
4429,87.674665908
4430,82.796951662
4431,88.7496379492
4432,90.8290284184
4433,90.126381461
4434,85.7948802676
4435,85.4880199827
4436,91.781058192
4437,89.1204177534
4438,87.5414563937
4439,89.9624436497
4440,90.0923844136
4441,87.9306029127
4442,85.6234023793
4443,84.4959104403
4444,88.0729499977
4445,90.9103907444
4446,87.9842524506
4447,84.7373275636
4448,91.7711230674
4449,91.9908734716
4450,89.6531862855
4451,85.0520608184
4452,86.4261678444
4453,85.8502317697
4454,91.5674477651
4455,86.3120402726
4456,85.7594902912
4457,89.78248894
4458,84.0320581446
4459,90.8209080823
4460,87.9370458862
4461,86.3392239246
4462,88.263973911
4463,90.1783015535
4464,90.9155163858
4465,82.6020860656
4466,91.5068463466
4467,92.0905464002
4468,86.9464277635
4469,87.8668707142
4470,88.9485707623
4471,85.1514360299
4472,86.2548361372
4473,88.6656828618
4474,89.0979636895
4475,87.7137685829
4476,88.8991674602
4477,90.7365436725
4478,82.9671653856
4479,91.2223204784
4480,84.4395324338
4481,91.8683021912
4482,85.5629888753
4483,87.8231724137
4484,91.5429735863
4485,90.6280196101
4486,89.6895551259
4487,83.8349180904
4488,86.7326822048
4489,89.7104338634
4490,92.1599094457
4491,87.3658091288
4492,89.1504108758
4493,95.2045423878
4494,86.8927092577
4495,84.3625280978
4496,86.6868575944
4497,91.7405228546
4498,89.5980085709
4499,91.1974155016
4500,89.6184942894
4501,90.5360751902
4502,90.0545067656
4503,87.34173504
4504,91.5786842294
4505,90.437020609
4506,88.398330622
4507,81.8040967343
4508,87.8452748209
4509,89.9157520731
4510,90.7609210887
4511,88.7623946312
4512,89.8070723498
4513,88.5730993983
4514,87.8904858125
4515,84.8790467828
4516,88.2046421506
4517,82.1333540722
4518,90.1105622815
4519,89.15202011
4520,88.111576316
4521,88.4885319605
4522,90.1078067085
4523,89.3962451772
4524,83.3978709297
4525,86.9524840291
4526,90.2813757742
4527,90.4254789557
4528,90.2653763802
4529,89.6447566689
4530,87.8640047083
4531,86.6715102209
4532,91.5776226831
4533,89.1872499495
4534,85.5106882211
4535,86.984953151
4536,90.2705146942
4537,92.2126404193
4538,88.8023450435
4539,82.1177249593
4540,87.1159250724
4541,87.1079888814
4542,91.0934263326
4543,86.2745890606
4544,88.4913490674
4545,82.8423894715
4546,92.2292319355
4547,87.6117810801
4548,89.2694328546
4549,90.7697213929
4550,88.2899732834
4551,85.1619520156
4552,87.9049760556
4553,90.1032491187
4554,89.3825063912
4555,86.2596554789
4556,87.1171497047
4557,92.0234436289
4558,89.3640162637
4559,88.592330886
4560,91.6785032014
4561,91.3504263148
4562,87.0898706895
4563,89.3486051651
4564,86.5962703789
4565,93.8451288353
4566,87.4062607917
4567,89.6379461341
4568,86.7551111237
4569,87.5294977663
4570,87.9203121705
4571,85.9423365423
4572,86.9226934722
4573,87.1483864026
4574,86.2763867456
4575,80.6453995632
4576,91.4613820035
4577,86.912456711
4578,90.448008984
4579,84.7930036447
4580,87.3137423798
4581,84.6394641807
4582,85.7689590739
4583,82.9854635332
4584,87.9667219124
4585,86.7466719293
4586,88.4083321442
4587,88.8574307996
4588,83.4806660198
4589,85.8994914678
4590,87.4191175885
4591,85.6155359545
4592,86.6222860838
4593,87.0650411776
4594,92.5574877355
4595,88.1054875723
4596,91.5839127717
4597,91.037582463
4598,87.656404574
4599,88.2326556526
4600,87.855753186
4601,88.5980597183
4602,86.4301708625
4603,87.735099807
4604,84.9532295892
4605,91.3116627112
4606,88.9379775454
4607,92.3572466889
4608,87.3015720264
4609,91.4916280656
4610,84.3640049542
4611,85.8513503337
4612,85.2221289778
4613,83.3605213375
4614,86.5088375268
4615,84.1424692974
4616,88.3607578905
4617,84.489778761
4618,88.4163723794
4619,90.8561027258
4620,88.0028714248
4621,86.0958735357
4622,88.3394616184
4623,84.4917060169
4624,87.7681100252
4625,88.4343858214
4626,92.2030579737
4627,88.0956073801
4628,83.0852305594
4629,86.7826100032
4630,88.7455525092
4631,89.3609708936
4632,86.9326398122
4633,90.3687683102
4634,91.9221505108
4635,87.8037837473
4636,88.6887679228
4637,85.9043704807
4638,89.2259838729
4639,89.2344518057
4640,87.578459431
4641,88.9546007941
4642,90.0663589396
4643,88.9621463872
4644,90.1228602483
4645,87.7352191723
4646,88.2776044804
4647,86.8641256684
4648,87.3626697188
4649,89.3204866335
4650,90.3399102947
4651,81.3539566516
4652,86.5296312453
4653,87.469742174
4654,85.389779453
4655,87.1798925954
4656,88.1468705643
4657,90.1579597664
4658,90.6408567163
4659,90.1639536022
4660,91.193077917
4661,89.5022377245
4662,87.1094291605
4663,90.0049375568
4664,93.6269367564
4665,85.7289730145
4666,89.6947918662
4667,84.769503006
4668,87.8739481381
4669,90.4509271185
4670,86.3417992959
4671,90.0852217387
4672,94.2598260616
4673,88.5848015692
4674,89.5849801683
4675,87.3567416007
4676,90.2630464867
4677,88.187899783
4678,91.9604495541
4679,90.6610150184
4680,87.9723259957
4681,87.7046877766
4682,81.2433941375
4683,84.1802452223
4684,86.7630597288
4685,84.4305581497
4686,83.337715024
4687,87.603134299
4688,90.1497453062
4689,83.1829565181
4690,83.2225940294
4691,85.3683893488
4692,89.9791693851
4693,87.8128938562
4694,85.1787772779
4695,94.395023117
4696,87.0147729623
4697,86.1230514754
4698,86.4048949217
4699,84.4200768152
4700,84.3919925696
4701,86.174234295
4702,92.791479612
4703,90.0357941024
4704,84.9154038073
4705,86.2431374035
4706,89.3130421437
4707,84.5938505184
4708,88.3412541659
4709,88.9593268214
4710,89.1149528724
4711,88.2486135342
4712,90.2816030682
4713,88.5022911774
4714,85.9024973535
4715,88.3017693425
4716,87.9401136505
4717,88.9115719945
4718,86.7306079724
4719,87.5788056248
4720,90.3634739688
4721,83.4407445422
4722,82.758477819
4723,88.5478765442
4724,86.3765428428
4725,86.7293537442
4726,86.1714619202
4727,85.3520521933
4728,84.2139197861
4729,92.0182742397
4730,85.2554067152
4731,85.652331752
4732,85.1529712003
4733,88.805243161
4734,89.229121169
4735,90.1903556089
4736,87.1220695599
4737,86.6109188957
4738,85.3343717714
4739,87.33232926
4740,85.2136957509
4741,87.7125269599
4742,86.4326848287
4743,88.8607163638
4744,83.4667013742
4745,92.3671956113
4746,88.6793870414
4747,89.9331978675
4748,90.5563138579
4749,88.6765266067
4750,84.758826101
4751,85.2181728665
4752,86.4997743561
4753,85.8080247095
4754,83.5281528005
4755,83.9776759376
4756,87.4912602437
4757,86.4447810132
4758,86.5893836025
4759,86.7978182004
4760,89.2944526402
4761,90.4752147571
4762,87.9354299803
4763,91.3742293774
4764,89.1488053961
4765,86.6997062978
4766,89.906848101
4767,87.130709921
4768,89.3409651526
4769,89.5841590469
4770,91.5308473898
4771,88.1997207889
4772,86.8374323341
4773,82.4735541614
4774,84.8141186828
4775,87.6081191243
4776,83.746045711
4777,91.0132447411
4778,84.6836291286
4779,87.8003759516
4780,89.4821541937
4781,90.7203525383
4782,89.4187016536
4783,90.1145998915
4784,86.9968525039
4785,87.6302683992
4786,86.9900034009
4787,89.9076649886
4788,91.0712071111
4789,87.9849678597
4790,91.4633500544
4791,89.1209532939
4792,82.7933378077
4793,90.9449145214
4794,89.711974829
4795,82.6792037155
4796,86.3605787289
4797,83.0685939478
4798,84.2693124358
4799,83.7539084281
4800,85.8455216529
4801,89.9700894336
4802,88.0887546473
4803,86.4567280319
4804,88.0204939177
4805,85.5142356464
4806,88.5957444508
4807,83.6240598917
4808,86.9249105675
4809,86.9827937325
4810,91.0946389667
4811,87.3373269372
4812,91.8331653892
4813,84.3124891087
4814,89.7167693232
4815,88.7741120222
4816,89.3297388396
4817,89.7874101918
4818,87.7007798863
4819,83.728020308
4820,86.8656939183
4821,90.5100431616
4822,88.2117842206
4823,90.3664871406
4824,85.9382835067
4825,88.210573783
4826,87.5692528109
4827,85.5850800846
4828,88.7535135989
4829,89.5968863941
4830,87.9676419481
4831,91.1272951618
4832,82.549988356
4833,91.427125709
4834,89.691296752
4835,88.0773411456
4836,88.2912671208
4837,90.2498712771
4838,86.4142236164
4839,83.5376574666
4840,88.779123011
4841,87.4359414414
4842,87.5079653173
4843,91.1079711651
4844,84.6865331058
4845,88.9984808952
4846,91.7599978499
4847,86.2138928615
4848,91.1564976161
4849,82.6653286796
4850,88.6004108825
4851,91.2237342208
4852,88.6610316287
4853,89.2774350191
4854,88.1429033707
4855,90.4867995792
4856,85.7711004449
4857,88.7685072757
4858,85.5292067364
4859,88.0633216214
4860,85.4194401897
4861,92.6882820107
4862,87.1069491739
4863,84.9108279763
4864,87.1680560112
4865,89.5051824373
4866,91.210796896
4867,89.7762395394
4868,87.1515295781
4869,91.133162576
4870,83.4617542391
4871,83.61383295
4872,87.0554760965
4873,86.8191784709
4874,87.3529982173
4875,88.1631767534
4876,86.4297106887
4877,87.022147125
4878,88.577278423
4879,91.5698494097
4880,89.7418456212
4881,83.7755936633
4882,88.4030735337
4883,90.3853008296
4884,89.3524272829
4885,89.1391392083
4886,86.976719781
4887,86.6564826557
4888,82.5279294068
4889,88.1993929006
4890,89.2800264752
4891,88.4839417381
4892,92.5796730243
4893,89.9007271484
4894,89.6355675016
4895,89.4152736546
4896,93.7128589792
4897,88.1704880905
4898,82.0825331837
4899,92.0144216779
4900,86.9463242587
4901,88.6097786055
4902,88.5011412407
4903,93.0234074948
4904,85.546335026
4905,84.9354021201
4906,87.1365576546
4907,85.4146812528
4908,86.6094610216
4909,88.6972141982
4910,84.6144782308
4911,85.2968422973
4912,91.5659982209
4913,88.3438306898
4914,85.801984626
4915,86.4267769098
4916,94.0348532266
4917,85.7203265199
4918,83.656673383
4919,87.6049472928
4920,88.4656230231
4921,87.2457902083
4922,85.2953191265
4923,87.8530843311
4924,90.2752362368
4925,84.0021072267
4926,88.9936958234
4927,87.1992924935
4928,90.0258113559
4929,92.3322161902
4930,89.2599332879
4931,86.8620266504
4932,86.3677876493
4933,91.3083193062
4934,85.1226292049
4935,84.8223781125
4936,86.9496258145
4937,90.5511995316
4938,88.5809701323
4939,88.0940793315
4940,89.4400695101
4941,87.3238404516
4942,89.376596076
4943,88.4740061893
4944,94.1105053429
4945,92.1661165983
4946,86.6962083733
4947,89.1757662593
4948,85.8794876382
4949,86.5213723049
4950,88.7021522675
4951,88.2696155301
4952,85.1823667111
4953,85.3515922486
4954,81.7393313675
4955,89.3902881904
4956,86.7476709358
4957,91.4654732903
4958,87.2504186048
4959,85.983578554
4960,89.0891143959
4961,90.1497998704
4962,90.8297266141
4963,86.4239011082
4964,94.4624768991
4965,83.2504293137
4966,89.0061775753
4967,86.162090413
4968,90.8889853398
4969,90.3265049137
4970,88.7643803655
4971,89.7531051954
4972,90.1155057017
4973,92.2020625484
4974,88.3735749143
4975,93.7153972437
4976,83.7542809535
4977,92.0800775818
4978,87.3113702005
4979,87.7739039798
4980,90.4871028896
4981,88.1158424989
4982,85.0564514079
4983,81.1244117467
4984,87.3494425877
4985,91.6985365672
4986,84.4344823352
4987,89.1531820408
4988,89.7033501256
4989,84.1145866893
4990,87.183268704
4991,86.9294378023
4992,87.3259339613
4993,92.1582279645
4994,86.7612539681
4995,88.1014632504
4996,88.327558365
4997,87.1173443869
4998,89.3440401139
